id_categoria_raw,nome_categoria,tipo_categoria,codigo_contabil,ingestion_id,ingestion_ts,source_system,source_entity,row_seq,raw_row_hash
1,Venda de Produtos,RECEITA,4.1.01,c17371e6-309d-4559-90f7-1f60b4e6e2d2,2026-01-10T08:30:00.000Z,ERP_FINANCEIRO,categorias_contabeis,1,fb33a69228b0ab78c45e8f9a55b339878da73256f2af99730a80851b01d899a8
2,Venda de Serviços,RECEITA,4.1.02,c17371e6-309d-4559-90f7-1f60b4e6e2d2,2026-01-10T08:30:00.000Z,ERP_FINANCEIRO,categorias_contabeis,2,380541ef110ae4e9db4a88ec26bd139d2772360477a494b3696791751753b71b
3,Receita Financeira,RECEITA,4.2.01,c17371e6-309d-4559-90f7-1f60b4e6e2d2,2026-01-10T08:30:00.000Z,ERP_FINANCEIRO,categorias_contabeis,3,ca31e12947b55344895c6432c3f34c626ba3d9d93f0613c8011d962ae62f143c
4,Salários e Ordenados,DESPESA,2.1.01,c17371e6-309d-4559-90f7-1f60b4e6e2d2,2026-01-10T08:30:00.000Z,ERP_FINANCEIRO,categorias_contabeis,4,f0103f49aebed2e1640f10c8b927c4a732e26468d7c4716b27e1a83af934d8e8
5,Encargos Trabalhistas,DESPESA,2.1.02,c17371e6-309d-4559-90f7-1f60b4e6e2d2,2026-01-10T08:30:00.000Z,ERP_FINANCEIRO,categorias_contabeis,5,1aa8c0897d87702f3b7be628e6b3d3c7172409999c9d237911b6eaaf1c68b287
6,Material de Escritório,DESPESA,2.2.01,c17371e6-309d-4559-90f7-1f60b4e6e2d2,2026-01-10T08:30:00.000Z,ERP_FINANCEIRO,categorias_contabeis,6,1856af73409c502a397af1527f7ffbda5bd43950e1b56dd78bda54c3e077c2be
7,Aluguel,DESPESA,2.2.02,c17371e6-309d-4559-90f7-1f60b4e6e2d2,2026-01-10T08:30:00.000Z,ERP_FINANCEIRO,categorias_contabeis,7,9c07c1eafe1c9289049d29c400594fb49149fd52e7c6a0abaf0b05ff6c896ddc
8,Energia Elétrica,DESPESA,2.2.03,c17371e6-309d-4559-90f7-1f60b4e6e2d2,2026-01-10T08:30:00.000Z,ERP_FINANCEIRO,categorias_contabeis,8,4c862bd35de9718805f0c7a75024946331fe68ce5c3f44b40891e39d67fa22ec
9,Telefonia e Internet,DESPESA,2.2.04,c17371e6-309d-4559-90f7-1f60b4e6e2d2,2026-01-10T08:30:00.000Z,ERP_FINANCEIRO,categorias_contabeis,9,5970a0cb4fae6fa0833a6a641b3b3fa2b98a750595cf7d233dd7446e076926a0
10,Manutenção Predial,DESPESA,2.2.05,c17371e6-309d-4559-90f7-1f60b4e6e2d2,2026-01-10T08:30:00.000Z,ERP_FINANCEIRO,categorias_contabeis,10,e59de56a61e74959f42b22e80cd321da65c722c0757f8723edcf082aa0039e8e
11,Honorários Profissionais,DESPESA,2.3.01,c17371e6-309d-4559-90f7-1f60b4e6e2d2,2026-01-10T08:30:00.000Z,ERP_FINANCEIRO,categorias_contabeis,11,c0b67b3ce298c1493c5db64a0f0a935c4194d66b1c658b613b2cf7cdd2cf04e9
12,Consultorias,DESPESA,2.3.02,c17371e6-309d-4559-90f7-1f60b4e6e2d2,2026-01-10T08:30:00.000Z,ERP_FINANCEIRO,categorias_contabeis,12,832c28fe26f46c48f828a376c154032d446dc8320668503245db362380477b54
13,Publicidade e Propaganda,DESPESA,2.4.01,c17371e6-309d-4559-90f7-1f60b4e6e2d2,2026-01-10T08:30:00.000Z,ERP_FINANCEIRO,categorias_contabeis,13,442c627a3467521eb1db76695c047cc05301250d5f16b2aa5100c5b9c7ae3dbe
14,Eventos e Promoções,DESPESA,2.4.02,c17371e6-309d-4559-90f7-1f60b4e6e2d2,2026-01-10T08:30:00.000Z,ERP_FINANCEIRO,categorias_contabeis,14,6635612c456bc74a14524d74b640b6d78570cea65c51624e58b3657e79d12ec0
15,Material de Marketing,DESPESA,2.4.03,c17371e6-309d-4559-90f7-1f60b4e6e2d2,2026-01-10T08:30:00.000Z,ERP_FINANCEIRO,categorias_contabeis,15,725e1a7299a156742ce5328ba9ab9904b73be6ed617b20353d2690764ccfbcd9
16,Combustível e Lubrificantes,DESPESA,2.5.01,c17371e6-309d-4559-90f7-1f60b4e6e2d2,2026-01-10T08:30:00.000Z,ERP_FINANCEIRO,categorias_contabeis,16,9ef12dcdfef324dc4021f359a18a7eeff80c716e10c9bb3acc7496ac1a013582
17,Manutenção Veicular,DESPESA,2.5.02,c17371e6-309d-4559-90f7-1f60b4e6e2d2,2026-01-10T08:30:00.000Z,ERP_FINANCEIRO,categorias_contabeis,17,076ad8a4c3c1b75688fa4d3c604ebde76a77f6f9dd43e07f4f652d208aa52214
18,Passagens Aéreas,DESPESA,2.6.01,c17371e6-309d-4559-90f7-1f60b4e6e2d2,2026-01-10T08:30:00.000Z,ERP_FINANCEIRO,categorias_contabeis,18,03da73cadc361e18198d3fc43a84776a0c2cdaa44b305d8bebbee3b82353883c
19,Hospedagem,DESPESA,2.6.02,c17371e6-309d-4559-90f7-1f60b4e6e2d2,2026-01-10T08:30:00.000Z,ERP_FINANCEIRO,categorias_contabeis,19,da54fdae6fd4233f1998debafc8fca4e841097240e40b89c2f3a3cdfd932cbcf
20,Alimentação em Viagem,DESPESA,2.6.03,c17371e6-309d-4559-90f7-1f60b4e6e2d2,2026-01-10T08:30:00.000Z,ERP_FINANCEIRO,categorias_contabeis,20,0549346bd9900c0db078f97a840261d10dedc7c0315669b46d02c7b67adca862
21,Seguros,DESPESA,2.7.01,c17371e6-309d-4559-90f7-1f60b4e6e2d2,2026-01-10T08:30:00.000Z,ERP_FINANCEIRO,categorias_contabeis,21,2c40c6671359bb07d7fd8f3a4b19fd6b3459cf223af9a7da2b4761263e90d529
22,Taxas Bancárias,DESPESA,2.7.02,c17371e6-309d-4559-90f7-1f60b4e6e2d2,2026-01-10T08:30:00.000Z,ERP_FINANCEIRO,categorias_contabeis,22,3e7f85acf455fd662683a11b1d24dc1f1bd047be3742eca494f5707f1135f0b8
23,Juros e Encargos,DESPESA,2.7.03,c17371e6-309d-4559-90f7-1f60b4e6e2d2,2026-01-10T08:30:00.000Z,ERP_FINANCEIRO,categorias_contabeis,23,ad93002a25824116ee2977ebc79da5c2739cfbefc919a0e464bbbf1f726fe085
24,Despesas Jurídicas,DESPESA,2.8.01,c17371e6-309d-4559-90f7-1f60b4e6e2d2,2026-01-10T08:30:00.000Z,ERP_FINANCEIRO,categorias_contabeis,24,47db409a4aca1ffe194e5a99e1614d62edf75d3ab53a0b90f47925c1b51a074b
25,Assessoria Contábil,DESPESA,2.8.02,c17371e6-309d-4559-90f7-1f60b4e6e2d2,2026-01-10T08:30:00.000Z,ERP_FINANCEIRO,categorias_contabeis,25,1f3d7c89edf1a9bb78ccbe3221d8f0281f55dff28f60ac3f686e4cf92419c03a
26,Certificados Digitais,DESPESA,2.8.03,c17371e6-309d-4559-90f7-1f60b4e6e2d2,2026-01-10T08:30:00.000Z,ERP_FINANCEIRO,categorias_contabeis,26,f472fa34e48a6b21f54edb846dd520d24693194567f3d9581beeae36307441c3
27,Software e Licenças,DESPESA,2.9.01,c17371e6-309d-4559-90f7-1f60b4e6e2d2,2026-01-10T08:30:00.000Z,ERP_FINANCEIRO,categorias_contabeis,27,17edb30028bf3be99c47b54b193c5a32bcb34b0932fe805899152650fdc62182
28,Manutenção de Equipamentos,DESPESA,2.9.02,c17371e6-309d-4559-90f7-1f60b4e6e2d2,2026-01-10T08:30:00.000Z,ERP_FINANCEIRO,categorias_contabeis,28,d22abf3061efbee3af410de81d8fa16ba6371b4b573c45edba3442f67ac688fc
29,Suporte Técnico,DESPESA,2.9.03,c17371e6-309d-4559-90f7-1f60b4e6e2d2,2026-01-10T08:30:00.000Z,ERP_FINANCEIRO,categorias_contabeis,29,614d6f30adbb2778f637e4f0863e4455f291331839b546ba22ae4bb978a948d2
30,Treinamento e Capacitação,DESPESA,2.9.04,c17371e6-309d-4559-90f7-1f60b4e6e2d2,2026-01-10T08:30:00.000Z,ERP_FINANCEIRO,categorias_contabeis,30,92b5e647199f63d6d2d2ee83a45411f1608b908fc3e7d08c646d4131d6194517
31,Receita de Aluguel,RECEITA,4.3.01,c17371e6-309d-4559-90f7-1f60b4e6e2d2,2026-01-10T08:30:00.000Z,ERP_FINANCEIRO,categorias_contabeis,31,fcbb845bce38e2e1171796bc169e0a66e4cdfbc4b23b716fa43659fc447a9654
32,Royalties,RECEITA,4.3.02,c17371e6-309d-4559-90f7-1f60b4e6e2d2,2026-01-10T08:30:00.000Z,ERP_FINANCEIRO,categorias_contabeis,32,012d9cec6581a8c92aad0d3421dd0f38042d7da976d33fbaf2c802f91f067ba8
33,Comissões Recebidas,RECEITA,4.4.01,c17371e6-309d-4559-90f7-1f60b4e6e2d2,2026-01-10T08:30:00.000Z,ERP_FINANCEIRO,categorias_contabeis,33,bcaed990a2aee796017157c3d2c82e01cf186496e8f824a3b945477791730039
34,Resultado de Equivalência,RECEITA,4.5.01,c17371e6-309d-4559-90f7-1f60b4e6e2d2,2026-01-10T08:30:00.000Z,ERP_FINANCEIRO,categorias_contabeis,34,eca4b4b9b044a3b84fe0fbc2d684666e622a5acb13fd8b673ad19ecb811a31e0
35,Venda de Ativo Imobilizado,RECEITA,4.6.01,c17371e6-309d-4559-90f7-1f60b4e6e2d2,2026-01-10T08:30:00.000Z,ERP_FINANCEIRO,categorias_contabeis,35,49bed2f5bd66503e903af46062f5d62db93f652839bfddac05db18d41fef47ce
36,Doações Recebidas,RECEITA,4.7.01,c17371e6-309d-4559-90f7-1f60b4e6e2d2,2026-01-10T08:30:00.000Z,ERP_FINANCEIRO,categorias_contabeis,36,3c388029925d681c8f09c9995d2b471eb758e373d20808bea306a6f5f28b410d
37,Receitas Eventuais,RECEITA,4.8.01,c17371e6-309d-4559-90f7-1f60b4e6e2d2,2026-01-10T08:30:00.000Z,ERP_FINANCEIRO,categorias_contabeis,37,0035a3316972db22be7e96463eb99252a5ff12cb10561776c73b343a72be1010
38,Descontos Concedidos,DESPESA,5.1.01,c17371e6-309d-4559-90f7-1f60b4e6e2d2,2026-01-10T08:30:00.000Z,ERP_FINANCEIRO,categorias_contabeis,38,0fe3fe4e01b4154bf65d73df93917c58dc5ae9e7914225d0839bdf3b782792d7
39,Devoluções de Vendas,DESPESA,5.1.02,c17371e6-309d-4559-90f7-1f60b4e6e2d2,2026-01-10T08:30:00.000Z,ERP_FINANCEIRO,categorias_contabeis,39,d7ae7763e4fe0e76b16e5f5c66cb478e19c0edef20b43ccda04d6291fe428d53
40,Impostos sobre Vendas,DESPESA,5.2.01,c17371e6-309d-4559-90f7-1f60b4e6e2d2,2026-01-10T08:30:00.000Z,ERP_FINANCEIRO,categorias_contabeis,40,e71ac63b3f518c42606ca21d3a6f54829e21da185072a5d8702084201b5b5b0f
