id_fornecedor_raw,nome_fornecedor,tipo_fornecedor,cnpj_cpf,contato,endereco,ingestion_id,ingestion_ts,source_system,source_entity,row_seq,raw_row_hash
1000000,Alpha Holding,fornecedor,00.000.000/0011-00,CONTATO1@ALPHA.HOLDING.COM.BR,"RUA CORPORATIVA 3245, FLORIANÓPOLIS - SC",874a15ca-9c5b-45ae-8363-760c2b2945ff,2026-01-10T09:00:00.000Z,ERP_CORPORATIVO,parceiros,1,70386c5b0efc4218379ce92d163050da5bd54d13b54ae2d35b3e85e21bdf49c5
1000004,Fast Systems,FORNECEDOR,00000000001200, contato2@fast.systems.com.br ,"RODOVIA CORPORATIVA 9760, FORTALEZA - CE",874a15ca-9c5b-45ae-8363-760c2b2945ff,2026-01-10T09:00:00.000Z,ERP_CORPORATIVO,parceiros,2,2a2d4407057074586e7cc1683bdb685ed9fd74150b367164d415f03183cf0bb1
1000014,Vox H.,FORNECEDOR,00 000 000 0013 00,CONTATO3@VOX.HOLDING.COM.BR,"Travessa Corporativa 9156, Salvador - BA",874a15ca-9c5b-45ae-8363-760c2b2945ff,2026-01-10T09:00:00.000Z,ERP_CORPORATIVO,parceiros,3,98400b5bb4e5ec48ec720dbe317539e5b954c3432c46e4c909b3213c82535d8a
1000015,Vox Comercial,FORN,00 000 000 0014 00,contato4@VOX.COMERCIAL.COM.BR,"Travessa Corporativa 1743, Campinas - SP",874a15ca-9c5b-45ae-8363-760c2b2945ff,2026-01-10T09:00:00.000Z,ERP_CORPORATIVO,parceiros,4,5bc72ffda9ccd2cbd409a5ed412dea90083fc9731201531d4e4f95898745bbc2
1000016,top logística,AMBOS,00.000.000.0015-00,contato5@TOP.LOGISTICA.COM.BR,"  travessa corporativa 6540, manaus - am  ",874a15ca-9c5b-45ae-8363-760c2b2945ff,2026-01-10T09:00:00.000Z,ERP_CORPORATIVO,parceiros,5,1cf19e01c78988ffa588cc59ed6838f63cb363a3926f321ff33ade156fe9a5ec
1000017,Connect Holding,ambos,00 000 000 0016 00,contato6@CONNECT.HOLDING.COM.BR,"Alameda Corporativa 915, Curitiba - PR",874a15ca-9c5b-45ae-8363-760c2b2945ff,2026-01-10T09:00:00.000Z,ERP_CORPORATIVO,parceiros,6,5b4f51ca063f5cc82fa6227c54d7523ae67cf1e80c18e12cb3f1ef38de620e3a
1000019,Nova Technologies,FORNECEDOR,00000000/0017-00,contato7@nova.technologies.com.br,"Rua Corporativa 9730, Belo Horizonte - MG",874a15ca-9c5b-45ae-8363-760c2b2945ff,2026-01-10T09:00:00.000Z,ERP_CORPORATIVO,parceiros,7,0a86082779bae3122d884e9f3d218ab81659ea4bcd59694b64b974f432a0a312
1000022,Vox Ltda,AMBOS,00.000.000.0018-00,CONTATO8@VOX.LTDA.COM.BR,"Rodovia Corporativa 7293, Salvador - BA",874a15ca-9c5b-45ae-8363-760c2b2945ff,2026-01-10T09:00:00.000Z,ERP_CORPORATIVO,parceiros,8,46efe47d0894e4fcd36ac5fa76f0e3ee978f8714b99606bc63f0adac72684701
1000024,smart gestão,FORNECEDOR,00000000001900,CONTATO9@SMART.GESTAO.COM.BR,"Av. Corporativa 196, Recife - PE",874a15ca-9c5b-45ae-8363-760c2b2945ff,2026-01-10T09:00:00.000Z,ERP_CORPORATIVO,parceiros,9,2f925e2e68945a00ab6262478f2067f93c9e414bb08f317b8099fd0d1dfdca80
1000025,Max Systems,FORNECEDOR,00.000.000.0020-00,CONTATO10@MAX.SYSTEMS.COM.BR,"Rodovia Corporativa 4047, Manaus - AM",874a15ca-9c5b-45ae-8363-760c2b2945ff,2026-01-10T09:00:00.000Z,ERP_CORPORATIVO,parceiros,10,3da57f9c5afae799ad747a346c1b0e7b7c3c499144acaf3d514738727bcc2f1a
1000026,  smart financeira  ,FORNECEDOR,00000000002100,CONTATO11@SMART.FINANCEIRA.COM.BR,"Alameda Corporativa 4156, São Paulo - SP",874a15ca-9c5b-45ae-8363-760c2b2945ff,2026-01-10T09:00:00.000Z,ERP_CORPORATIVO,parceiros,11,c1879e38b6c26e78c4ae2ba7adaf75466b30d30f75a46628b9a0ae01124bb1b9
1000029,Pro Logística,F/C,00.000.000/0022-00,contato12@PRO.LOGISTICA.COM.BR,"Alameda Corporativa 2597, Belo Horizonte - MG",874a15ca-9c5b-45ae-8363-760c2b2945ff,2026-01-10T09:00:00.000Z,ERP_CORPORATIVO,parceiros,12,b9ac1e8fa477665d015ce2bfa301e0d044bb904b2e8f2cf9a73e51cec4b450ec
1000030,Sigma Comercial,FORNECEDOR,00.000.000.0023-00, contato13@sigma.comercial.com.br ,"travessa corporativa 4180, campinas - sp",874a15ca-9c5b-45ae-8363-760c2b2945ff,2026-01-10T09:00:00.000Z,ERP_CORPORATIVO,parceiros,13,2d1628b298c0a15dc4c53a3742a440bfcdc2af80b2d704e3c947e9c1d10d37a4
1000031,Prime Gestão,FORNECEDOR,00.000.000.0024-00,CONTATO14@PRIME.GESTAO.COM.BR,"Rodovia Corporativa 94, Curitiba - PR",874a15ca-9c5b-45ae-8363-760c2b2945ff,2026-01-10T09:00:00.000Z,ERP_CORPORATIVO,parceiros,14,06d248eda21e6720c91c3df3d7c7ba6754ee733ce22947243f0c7130f8d2f68a
1000032,Nexo Solutions,ambos,00.000.000/0025-00,CONTATO15@NEXO.SOLUTIONS.COM.BR,"Rua Corporativa 4931, Recife - PE",874a15ca-9c5b-45ae-8363-760c2b2945ff,2026-01-10T09:00:00.000Z,ERP_CORPORATIVO,parceiros,15,49a2daac8cb068f92387a86dbc4e6a0cbdddc19ff6cc71377549c8bc7e85284b
1000034,Flex Engenharia,FORNECEDOR,00 000 000 0026 00, contato16@flex.engenharia.com.br ,"Alameda Corporativa 6398, Manaus - AM",874a15ca-9c5b-45ae-8363-760c2b2945ff,2026-01-10T09:00:00.000Z,ERP_CORPORATIVO,parceiros,16,b82e1066279add0fe3d4684aea79162669a61059ca3f3f2d8825045e4a7a0cda
1000036,Mega Indústria,FORN,00000000002700,contato17@mega.industria.com.br,"Travessa Corporativa 6996, Curitiba - PR",874a15ca-9c5b-45ae-8363-760c2b2945ff,2026-01-10T09:00:00.000Z,ERP_CORPORATIVO,parceiros,17,1d1c1bef8eee25dbb3e724ba3aa4a19004372a29619ecb89239dd52470c0151c
1000040,beta services,AMBOS,00000000/0028-00,contato18@beta.services.com.br,"Travessa Corporativa 6466, Campinas - SP",874a15ca-9c5b-45ae-8363-760c2b2945ff,2026-01-10T09:00:00.000Z,ERP_CORPORATIVO,parceiros,18,c2ad68ee4e03018e52a9d4a956465db0c2e242f3a490eb8ccf8e14b41a8fb7b4
1000042,Info Systems,fornecedor,00 000 000 0029 00,contato19@info.systems.com.br,"Rua Corporativa 5441, Curitiba - PR",874a15ca-9c5b-45ae-8363-760c2b2945ff,2026-01-10T09:00:00.000Z,ERP_CORPORATIVO,parceiros,19,aed7a48603290fff2abc5ddb5f60265a1a5a0b82dffe22193fccd990ab3e1c40
1000047,Sure Tec.,FORNECEDOR,00.000.000.0030-00,contato20@sure.technologies.com.br,"rua corporativa 404, recife - pe",874a15ca-9c5b-45ae-8363-760c2b2945ff,2026-01-10T09:00:00.000Z,ERP_CORPORATIVO,parceiros,20,1dbdb1b5e329ecd7d37c98199fe40a290275297288244bf99fb6c81c41428787
1000050,Beta Indústria,AMBOS,00.000.000.0031-00,CONTATO21@BETA.INDUSTRIA.COM.BR,"Rodovia Corporativa 8321, Belo Horizonte - MG",874a15ca-9c5b-45ae-8363-760c2b2945ff,2026-01-10T09:00:00.000Z,ERP_CORPORATIVO,parceiros,21,de6b6867d123f5c008b83ee59c957faa2296f505624c349596979202adc516b4
1000051,Safe Technologies,forn.,00 000 000 0032 00,CONTATO22@SAFE.TECHNOLOGIES.COM.BR,"av. corporativa 6753, goiânia - go",874a15ca-9c5b-45ae-8363-760c2b2945ff,2026-01-10T09:00:00.000Z,ERP_CORPORATIVO,parceiros,22,d8e5f3818c905ba9d2a8ca3ad3bcd6af9c87ea0133eaa8424430903ecd762cca
1000052,Safe Co.,AMBOS,00 000 000 0033 00,contato23@SAFE.COMERCIAL.COM.BR,"Travessa Corporativa 7403, Recife - PE",874a15ca-9c5b-45ae-8363-760c2b2945ff,2026-01-10T09:00:00.000Z,ERP_CORPORATIVO,parceiros,23,db5c8af4b3850ef7c93dbf72cdcc0403b407ffebb20f4e230812218cddd79dbb
1000060,  soft s.a.  ,AMBOS,00.000.000.0034-00,CONTATO24@SOFT.S.A..COM.BR,Rua Corporativa 7922.,874a15ca-9c5b-45ae-8363-760c2b2945ff,2026-01-10T09:00:00.000Z,ERP_CORPORATIVO,parceiros,24,1bee2362e7894b0f279641fa501e6fa689a6099c9f6c50026e5857dea1ba91ed
1000064,Core Solutions,FORN,00000000003500,CONTATO25@CORE.SOLUTIONS.COM.BR,"Av. Corporativa 939, São Paulo - Sp",874a15ca-9c5b-45ae-8363-760c2b2945ff,2026-01-10T09:00:00.000Z,ERP_CORPORATIVO,parceiros,25,662ceec7482eb9b74966ca5a1a413806e369c618130460aa1bc2af9924324645
1000065,Cloud Group,forn.,00 000 000 0036 00, contato26@cloud.group.com.br ,"Rua Corporativa 7766, Porto Alegre - RS",874a15ca-9c5b-45ae-8363-760c2b2945ff,2026-01-10T09:00:00.000Z,ERP_CORPORATIVO,parceiros,26,7068a0a79af666bbbd892804bd8817071ef4205863bf37b7536381747f76fbe3
1000069,Net Engenharia,FORNECEDOR,00.000.000/0037-00,contato27@NET.ENGENHARIA.COM.BR,"Rua Corporativa 1915, Rio de Janeiro - RJ",874a15ca-9c5b-45ae-8363-760c2b2945ff,2026-01-10T09:00:00.000Z,ERP_CORPORATIVO,parceiros,27,9a2270981ba3b116073b2902fd040872a34cf6365d58e7c3a92a963e24c8115e
1000070,Prime Technologies,F/C,00000000/0038-00,contato28@prime.technologies.com.br,"TRAVESSA CORPORATIVA 9764, FORTALEZA - CE",874a15ca-9c5b-45ae-8363-760c2b2945ff,2026-01-10T09:00:00.000Z,ERP_CORPORATIVO,parceiros,28,87ec55cde8d47684cf552ffa7ae42808541c5daf2c69376b93cbfab6526ebe30
1000071,Ultra Co.,FORNECEDOR,00 000 000 0039 00,CONTATO29@ULTRA.CONSULTING.COM.BR,"Rodovia Corporativa 5054, Campinas - SP",874a15ca-9c5b-45ae-8363-760c2b2945ff,2026-01-10T09:00:00.000Z,ERP_CORPORATIVO,parceiros,29,11725592f744a7b5f501196db560834cf7de3a717d007be9801e8f60eedad5be
1000072,Ultra Comercial,FORNECEDOR,00.000.000.0040-00,contato30@ultra.comercial.com.br,"Rua Corporativa 6976, Santos - SP",874a15ca-9c5b-45ae-8363-760c2b2945ff,2026-01-10T09:00:00.000Z,ERP_CORPORATIVO,parceiros,30,73fcaeba5f84b790cbd880384fe55d8996d78ef2ca052c21e11314200f226b51
1000075,Tech Engenharia,Fornecedor,00 000 000 0041 00, contato31@tech.engenharia.com.br ,"Rodovia Corporativa 9028, São Paulo - Sp",874a15ca-9c5b-45ae-8363-760c2b2945ff,2026-01-10T09:00:00.000Z,ERP_CORPORATIVO,parceiros,31,ac774350d733ef83042b8b1547b5f7ab6faf8d61ae3f954b196a76edce5ec6d9
1000077,Global Group,FORNECEDOR,00000000/0042-00,contato32@GLOBAL.GROUP.COM.BR,"Travessa Corporativa 8955, Fortaleza - CE",874a15ca-9c5b-45ae-8363-760c2b2945ff,2026-01-10T09:00:00.000Z,ERP_CORPORATIVO,parceiros,32,323a5056e31d653d834e59776258226b7fd8e209f389b60119b65fe7976793dd
1000080,Max Brasil,FORNECEDOR,00000000004300, contato33@max.brasil.com.br ,"Av. Corporativa 4465, Recife - PE",874a15ca-9c5b-45ae-8363-760c2b2945ff,2026-01-10T09:00:00.000Z,ERP_CORPORATIVO,parceiros,33,ac12921326bbb1c861b94dfae21d113f79e8ce3a296a7b80ace461263064f3cb
1000081,Mega Ltda,Fornecedor,00.000.000/0044-00, contato34@mega.ltda.com.br ,"rua corporativa 1478, rio de janeiro - rj",874a15ca-9c5b-45ae-8363-760c2b2945ff,2026-01-10T09:00:00.000Z,ERP_CORPORATIVO,parceiros,34,b1a4941a52a637047ea17674d9e16c7043100f043ed104ea6211ead6c3962d6d
1000084,ultra assessoria,FORNECEDOR,00000000004500, contato35@ultra.assessoria.com.br ,"Travessa Corporativa 2293, Porto Alegre - RS",874a15ca-9c5b-45ae-8363-760c2b2945ff,2026-01-10T09:00:00.000Z,ERP_CORPORATIVO,parceiros,35,590f4c1e2f914339a155b837ead79f9176b0c547f7875ebe9aabd797a906baaf
1000085,Nova Systems,F/C,00000000004600,contato36@nova.systems.com.br,"Travessa Corporativa 1450, Campinas - SP",874a15ca-9c5b-45ae-8363-760c2b2945ff,2026-01-10T09:00:00.000Z,ERP_CORPORATIVO,parceiros,36,0a78b564ae02634232278671bd5ce7b9c10e160b5e6adf213b1f8a4188f3fb5e
1000088,Info Gestão,FORN,00000000/0047-00,CONTATO37@INFO.GESTAO.COM.BR,"Rua Corporativa 7209, Brasília - DF",874a15ca-9c5b-45ae-8363-760c2b2945ff,2026-01-10T09:00:00.000Z,ERP_CORPORATIVO,parceiros,37,f41a9806858c7289ac28da990c1304a6ef79f27514cac18ecf6dc37f977e48fd
1000089,Net Indústria,FORNECEDOR,00000000/0048-00,contato38@NET.INDUSTRIA.COM.BR,"Rua Corporativa 1167, Porto Alegre - RS",874a15ca-9c5b-45ae-8363-760c2b2945ff,2026-01-10T09:00:00.000Z,ERP_CORPORATIVO,parceiros,38,9f665c6d0c1a0ded813c6da1d6f5f4e6d6404e1ee342de95609debc9bad18638
1000090,Nexo Logística,forn.,00000000/0049-00,CONTATO39@NEXO.LOGISTICA.COM.BR,"av. corporativa 3113, brasília - df",874a15ca-9c5b-45ae-8363-760c2b2945ff,2026-01-10T09:00:00.000Z,ERP_CORPORATIVO,parceiros,39,aa5ed6fc31b18bd97ead439103458c6b712b3df2764b336d90cc264f75e36de1
1000091,Smart Holding,FORNECEDOR,00 000 000 0050 00,contato40@smart.holding.com.br,"Alameda Corporativa 2819, Goiânia - GO",874a15ca-9c5b-45ae-8363-760c2b2945ff,2026-01-10T09:00:00.000Z,ERP_CORPORATIVO,parceiros,40,f347a3146fbba79ca475d515c175928fc1c01765a63ba1e1c461cfcc10acaf43
1000095,Core As.,F/C,00.000.000/0051-00,contato41@core.assessoria.com.br,"Travessa Corporativa 2627, Recife - PE",874a15ca-9c5b-45ae-8363-760c2b2945ff,2026-01-10T09:00:00.000Z,ERP_CORPORATIVO,parceiros,41,8d23a2d0cddea232eb17875ec80e6fcada93b3be92afdceb008ff6faf0cc210f
1000097,net services,FORNECEDOR,00.000.000/0052-00, contato42@net.services.com.br ,Av. Corporativa 2.,874a15ca-9c5b-45ae-8363-760c2b2945ff,2026-01-10T09:00:00.000Z,ERP_CORPORATIVO,parceiros,42,7579d5de22d0c602190ca9826dd60e01171f667e2a4a45c559ad440de780ab13
1000098,Data Co.,FORNECEDOR,00000000/0053-00,contato43@DATA.COMERCIAL.COM.BR,"Rodovia Corporativa 5959, Salvador - BA",874a15ca-9c5b-45ae-8363-760c2b2945ff,2026-01-10T09:00:00.000Z,ERP_CORPORATIVO,parceiros,43,f1585411388bd00ac8aa814a0ce2cbdb05ce381232db1836274bfe907449ef4f
1000100,Link Contábil,fornecedor,00000000/0054-00,CONTATO44@LINK.CONTABIL.COM.BR,"Av. Corporativa 5848, Recife - PE",874a15ca-9c5b-45ae-8363-760c2b2945ff,2026-01-10T09:00:00.000Z,ERP_CORPORATIVO,parceiros,44,9a841757145aaa693d4346911afc679ef4e5311491077c230b846f60d909b2bc
1000112,  sigma indústria  ,FORNECEDOR,00000000005500,contato45@sigma.industria.com.br,"Rua Corporativa 7039, Recife - PE",874a15ca-9c5b-45ae-8363-760c2b2945ff,2026-01-10T09:00:00.000Z,ERP_CORPORATIVO,parceiros,45,376429770a721deafe01bdb86786fc4ec7086d0ee607de8adc77adda95a7c2f8
1000113,Sure Consulting,AMBOS,00000000005600,CONTATO46@SURE.CONSULTING.COM.BR,"Travessa Corporativa 9809, Santos - SP",874a15ca-9c5b-45ae-8363-760c2b2945ff,2026-01-10T09:00:00.000Z,ERP_CORPORATIVO,parceiros,46,5eb75e9a9f23ffc8e21700634dd6450abbcbf6b40e9fc6a62ec31eee4d505844
1000115,  flex consulting  ,FORNECEDOR,00.000.000/0057-00,contato47@FLEX.CONSULTING.COM.BR,"Rua Corporativa 4254, Fortaleza - Ce",874a15ca-9c5b-45ae-8363-760c2b2945ff,2026-01-10T09:00:00.000Z,ERP_CORPORATIVO,parceiros,47,016575aeef10ce2b15bb026a0b712282162a451ed8c852fd9afc43b0739b5a5b
1000116,Ultra Assessoria,FORNECEDOR,00 000 000 0058 00,contato48@ultra.assessoria.com.br,"Alameda Corporativa 4565, Belo Horizonte - MG",874a15ca-9c5b-45ae-8363-760c2b2945ff,2026-01-10T09:00:00.000Z,ERP_CORPORATIVO,parceiros,48,d5259d6b46cdec5d0a6e4f3684bb2d623a309df8ccb4a2dc97661ac522a3dd0e
1000120,Global Ltda,FORNECEDOR,00000000005900,CONTATO49@GLOBAL.LTDA.COM.BR,"RODOVIA CORPORATIVA 7409, SANTOS - SP",874a15ca-9c5b-45ae-8363-760c2b2945ff,2026-01-10T09:00:00.000Z,ERP_CORPORATIVO,parceiros,49,42cf0d617687cc58da27efc00f146bfa4a52e19477fa7df1ff2eab38c635ad3b
1000123,Pro Logística,fornecedor,00 000 000 0060 00,CONTATO50@PRO.LOGISTICA.COM.BR,"Alameda Corporativa 6861, Recife - PE",874a15ca-9c5b-45ae-8363-760c2b2945ff,2026-01-10T09:00:00.000Z,ERP_CORPORATIVO,parceiros,50,06873cdeff50a43a5176246d98c55755d2440a5dc6d0d91420fae0aa45c4ea09
1000124,Vox Contábil,FORNECEDOR,00 000 000 0061 00, contato51@vox.contabil.com.br ,"RUA CORPORATIVA 1900, PORTO ALEGRE - RS",874a15ca-9c5b-45ae-8363-760c2b2945ff,2026-01-10T09:00:00.000Z,ERP_CORPORATIVO,parceiros,51,8da78be5074b4d518b440d3e2311b7951a65b796a14cb4cfaed31e342d251c3d
1000129,Sigma Systems,FORNECEDOR,00000000006200,contato52@sigma.systems.com.br,"av. corporativa 2006, salvador - ba",874a15ca-9c5b-45ae-8363-760c2b2945ff,2026-01-10T09:00:00.000Z,ERP_CORPORATIVO,parceiros,52,efe62d9d5b28963dca822db19ba2a094b270ddb9d45b8dac4e96550b0d7b90f9
1000130,Top Group,FORN,00 000 000 0063 00, contato53@top.group.com.br ,"Alameda Corporativa 5811, Brasília - DF",874a15ca-9c5b-45ae-8363-760c2b2945ff,2026-01-10T09:00:00.000Z,ERP_CORPORATIVO,parceiros,53,8e546f3e5bbb2b7e5771ba005e080aa4652981f157daf430bac6fbef0ce471f2
1000132,Safe Technologies,FORNECEDOR,00 000 000 0064 00,contato54@safe.technologies.com.br,"Rua Corporativa 8581, Florianópolis - SC",874a15ca-9c5b-45ae-8363-760c2b2945ff,2026-01-10T09:00:00.000Z,ERP_CORPORATIVO,parceiros,54,d5617c57473b251f7f144a4a8ead14615c802ae5693ab19841bb0555bec2b21d
1000133,Global Group,Fornecedor,00000000006500,contato55@GLOBAL.GROUP.COM.BR,"Rua Corporativa 1540, Salvador - BA",874a15ca-9c5b-45ae-8363-760c2b2945ff,2026-01-10T09:00:00.000Z,ERP_CORPORATIVO,parceiros,55,1821b932b435266fb260a8b3e03ec2ce007faf794a911cc1fa8ff123e9d0a200
1000134,Fast Financeira,AMBOS,00000000006600,contato56@FAST.FINANCEIRA.COM.BR,"rua corporativa 2867, florianópolis - sc",874a15ca-9c5b-45ae-8363-760c2b2945ff,2026-01-10T09:00:00.000Z,ERP_CORPORATIVO,parceiros,56,612113b5451f6788610e2d436b9ae02c3025479067d1b4f6fb0701f9508493d7
1000136,Data Ltda,forn.,00000000/0067-00,CONTATO57@DATA.LTDA.COM.BR,"Rodovia Corporativa 9067, Belo Horizonte - MG",874a15ca-9c5b-45ae-8363-760c2b2945ff,2026-01-10T09:00:00.000Z,ERP_CORPORATIVO,parceiros,57,29d793d944a5c0db94f1c10585c621e017a9d70ef39428052efd4d2e7e1e6b01
1000138,max group,FORNECEDOR,00.000.000/0068-00, contato58@max.group.com.br ,"Alameda Corporativa 9428, Belo Horizonte - MG",874a15ca-9c5b-45ae-8363-760c2b2945ff,2026-01-10T09:00:00.000Z,ERP_CORPORATIVO,parceiros,58,5e08a9a468fef786a4dccc08dc0cde3fb49bb1b7381c6c8d695839120ee3a647
1000140,Vox Consulting,AMBOS,00000000/0069-00,CONTATO59@VOX.CONSULTING.COM.BR,"Rua Corporativa 1789, Goiânia - GO",874a15ca-9c5b-45ae-8363-760c2b2945ff,2026-01-10T09:00:00.000Z,ERP_CORPORATIVO,parceiros,59,7767be8c6e2980886b5cffb3f703038e7e1ee9441288db560c424e10d83d4813
1000142,APEX COMERCIAL,FORNECEDOR,00.000.000/0070-00,CONTATO60@APEX.COMERCIAL.COM.BR,"Av. Corporativa 3275, São Paulo - SP",874a15ca-9c5b-45ae-8363-760c2b2945ff,2026-01-10T09:00:00.000Z,ERP_CORPORATIVO,parceiros,60,3e37e5cddbea4596d0917c365806b8c0201241a27eb7c1f9db91306628883f56
1000145,  pro brasil  ,FORNECEDOR,00.000.000/0071-00,CONTATO61@PRO.BRASIL.COM.BR,"rodovia corporativa 5570, salvador - ba",874a15ca-9c5b-45ae-8363-760c2b2945ff,2026-01-10T09:00:00.000Z,ERP_CORPORATIVO,parceiros,61,c2552b709cb974e961d3df9fd7019af8894aa70f0e734162bb4f057bacf76628
1000147,  safe holding  ,FORNECEDOR,00.000.000.0072-00,contato62@SAFE.HOLDING.COM.BR,"Rua Corporativa 3637, Salvador - BA",874a15ca-9c5b-45ae-8363-760c2b2945ff,2026-01-10T09:00:00.000Z,ERP_CORPORATIVO,parceiros,62,f578502e714fc338d0ab5b159502ea737e77c23932c4ff0fa7e4aa294ec29bc3
1000155,Smart Dis.,FORNECEDOR,00000000007300,contato63@SMART.DISTRIBUIDORA.COM.BR,"  av. corporativa 2510, campinas - sp  ",874a15ca-9c5b-45ae-8363-760c2b2945ff,2026-01-10T09:00:00.000Z,ERP_CORPORATIVO,parceiros,63,f63149c3177b61aa79753ecc61922f7533b100d647e5032879f708bce899550d
1000159,Pro Se.,fornecedor,00000000/0074-00,contato64@pro.services.com.br,"Av. Corporativa 925, Salvador - BA",874a15ca-9c5b-45ae-8363-760c2b2945ff,2026-01-10T09:00:00.000Z,ERP_CORPORATIVO,parceiros,64,99c033c5e9e096eb26a86bf33cdfd189f7db7aff6b40fe3d65fcbfc5362f37d7
1000162,Link Comercial,FORN/CLI,00000000007500,CONTATO65@LINK.COMERCIAL.COM.BR,"Rua Corporativa 6053, Curitiba - PR",874a15ca-9c5b-45ae-8363-760c2b2945ff,2026-01-10T09:00:00.000Z,ERP_CORPORATIVO,parceiros,65,ceb0f30e592fd07962e4198dd41936d1f973331c21c146b0e793f1fd4560795c
1000168,Global Comercial,AMBOS,00 000 000 0076 00,contato66@GLOBAL.COMERCIAL.COM.BR,"Travessa Corporativa 8627, Campinas - SP",874a15ca-9c5b-45ae-8363-760c2b2945ff,2026-01-10T09:00:00.000Z,ERP_CORPORATIVO,parceiros,66,19e40e8e56ebe978ff0cfbfd7653f611035d859d37b08fba8681f292db054a3b
1000169,  global services  ,FORNECEDOR,00000000/0077-00,contato67@GLOBAL.SERVICES.COM.BR,"Rua Corporativa 4654, Fortaleza - CE",874a15ca-9c5b-45ae-8363-760c2b2945ff,2026-01-10T09:00:00.000Z,ERP_CORPORATIVO,parceiros,67,fdfad934521dc76ab9646ed48afa3a2114a637bc02e557a7f569e8a98001604e
1000173,cloud distribuidora,FORN,00.000.000/0078-00,contato68@CLOUD.DISTRIBUIDORA.COM.BR,"Travessa Corporativa 8027, Curitiba - PR",874a15ca-9c5b-45ae-8363-760c2b2945ff,2026-01-10T09:00:00.000Z,ERP_CORPORATIVO,parceiros,68,5215a3f2e3a13041e0935366fe1b22d1f284c957e9f4b211a257b0cceda84c21
1000174,Info Systems,Ambos,00000000/0079-00,contato69@INFO.SYSTEMS.COM.BR,"Alameda Corporativa 2484, Goiânia - GO",874a15ca-9c5b-45ae-8363-760c2b2945ff,2026-01-10T09:00:00.000Z,ERP_CORPORATIVO,parceiros,69,b5a5b759daa467e9c08013183052ff5e542ad96819c746c762330e7ed8c43d66
1000176,safe services,AMBOS,00.000.000/0080-00,contato70@safe.services.com.br,"Alameda Corporativa 1476, Recife - PE",874a15ca-9c5b-45ae-8363-760c2b2945ff,2026-01-10T09:00:00.000Z,ERP_CORPORATIVO,parceiros,70,0135be4f198b9a5566db2701d31eec9b4a9e414964f6d42df1c3833519cc3fd4
1000179,Nova Contábil,Fornecedor,00.000.000.0081-00,CONTATO71@NOVA.CONTABIL.COM.BR,"Rua Corporativa 8071, Santos - SP",874a15ca-9c5b-45ae-8363-760c2b2945ff,2026-01-10T09:00:00.000Z,ERP_CORPORATIVO,parceiros,71,d0250fd4a920d29fcf9fc8200a4991f3aa61dac00a96b9ea6e6b3064d650da74
1000181,GLOBAL GESTÃO,FORN,00 000 000 0082 00,contato72@global.gestao.com.br,"Travessa Corporativa 6386, São Paulo - SP",874a15ca-9c5b-45ae-8363-760c2b2945ff,2026-01-10T09:00:00.000Z,ERP_CORPORATIVO,parceiros,72,eac2b76c5cb13762d31327d7869a21e8f0c001b05d6ccc50f94560dc1992e71e
1000182,Sigma Services,FORNECEDOR,00000000/0083-00, contato73@sigma.services.com.br ,"Alameda Corporativa 54, Salvador - BA",874a15ca-9c5b-45ae-8363-760c2b2945ff,2026-01-10T09:00:00.000Z,ERP_CORPORATIVO,parceiros,73,dba3e7cbe6c34649cc63386dd9a5f5ec4dfea2819a0dc3304857059158009fec
1000185,Fast Gestão,FORNECEDOR,00000000/0084-00,CONTATO74@FAST.GESTAO.COM.BR,"Travessa Corporativa 5196, Belo Horizonte - MG",874a15ca-9c5b-45ae-8363-760c2b2945ff,2026-01-10T09:00:00.000Z,ERP_CORPORATIVO,parceiros,74,bdd84ad4041f0c3a5e43e7990f64767d58dfffeb4d87beb6c68d87a47c97e5fc
1000193,SMART HOLDING,AMBOS,00000000008500, contato75@smart.holding.com.br ,"Travessa Corporativa 638, Curitiba - Pr",874a15ca-9c5b-45ae-8363-760c2b2945ff,2026-01-10T09:00:00.000Z,ERP_CORPORATIVO,parceiros,75,8ec1c0838db0e8539a4434d1803df46a48f191f33411b9848029e802aa78b7f9
1000198,Flex Distribuidora,FORNECEDOR,00 000 000 0086 00,contato76@FLEX.DISTRIBUIDORA.COM.BR,"Alameda Corporativa 2538, São Paulo - SP",874a15ca-9c5b-45ae-8363-760c2b2945ff,2026-01-10T09:00:00.000Z,ERP_CORPORATIVO,parceiros,76,362895d0c5805e80c94eafde2aeec004dee15c564eeef9922b24b791833ab4fb
1000199,Connect Logística,FORNECEDOR,00 000 000 0087 00, contato77@connect.logistica.com.br ,"Rua Corporativa 3589, Salvador - BA",874a15ca-9c5b-45ae-8363-760c2b2945ff,2026-01-10T09:00:00.000Z,ERP_CORPORATIVO,parceiros,77,b8c5d409e1808213c15e3d777dbfc38b701f07a8c8acfa783b6322cb61501295
ACC-00007,power group,CLIENTE,00000000/0088-00, contato78@power.group.com.br ,"rua corporativa 2172, recife - pe",874a15ca-9c5b-45ae-8363-760c2b2945ff,2026-01-10T09:00:00.000Z,ERP_CORPORATIVO,parceiros,78,44d07cd9c119e50ee08f387cf565e69ad9482b52b9db18e4d9702bc17ee5b8e1
ACC-00008,Alpha Distribuidora,cli.,00000000/0089-00,CONTATO79@ALPHA.DISTRIBUIDORA.COM.BR,"RODOVIA CORPORATIVA 7849, SÃO PAULO - SP",874a15ca-9c5b-45ae-8363-760c2b2945ff,2026-01-10T09:00:00.000Z,ERP_CORPORATIVO,parceiros,79,6a94678d3954fc632c8abfff6fd349f0dd01f763f1ba2d18ef036cad11b2b95c
ACC-00011,Sigma S.A.,ambos,00.000.000.0090-00,contato80@sigma.s.a..com.br,"travessa corporativa 9108, porto alegre - rs",874a15ca-9c5b-45ae-8363-760c2b2945ff,2026-01-10T09:00:00.000Z,ERP_CORPORATIVO,parceiros,80,b37fe83fabd256bfce0593ce2099b6f102d858b8a5ea83eb70c62c516e1b0294
ACC-00012,mega distribuidora,CLIENTE,00000000009100, contato81@mega.distribuidora.com.br ,"Travessa Corporativa 4892, Manaus - AM",874a15ca-9c5b-45ae-8363-760c2b2945ff,2026-01-10T09:00:00.000Z,ERP_CORPORATIVO,parceiros,81,37d42b87f8ec19fae0789629103f81dcf8e2a9a71c413ea37c71cbed664f34b4
ACC-00014,Alpha Engenharia,CLI,00000000/0092-00,contato82@alpha.engenharia.com.br,"Av. Corporativa 8850, Manaus - AM",874a15ca-9c5b-45ae-8363-760c2b2945ff,2026-01-10T09:00:00.000Z,ERP_CORPORATIVO,parceiros,82,ebf34309c865e6dcd16a897acdb09370fa9bfd94783750742105cdc877a1c8ad
ACC-00019,Pro Distribuidora,AMBOS,00.000.000.0093-00,contato83@PRO.DISTRIBUIDORA.COM.BR,"Av. Corporativa 4802, Recife - PE",874a15ca-9c5b-45ae-8363-760c2b2945ff,2026-01-10T09:00:00.000Z,ERP_CORPORATIVO,parceiros,83,b16578be51aae2f015bc5ec57ff1234c2e36fd1689a3f4f2615b8b7930ba5860
ACC-00034,Cloud Comercial,AMBOS,00000000/0094-00,CONTATO84@CLOUD.COMERCIAL.COM.BR,"Rua Corporativa 6861, Fortaleza - CE",874a15ca-9c5b-45ae-8363-760c2b2945ff,2026-01-10T09:00:00.000Z,ERP_CORPORATIVO,parceiros,84,a9767eae069c66f0f6a92ac5a4b1129873418fd750a155828cc884b77101d301
ACC-00038,Nexo Gestão,cliente,00000000/0095-00,CONTATO85@NEXO.GESTAO.COM.BR,"Rodovia Corporativa 8849, Porto Alegre - RS",874a15ca-9c5b-45ae-8363-760c2b2945ff,2026-01-10T09:00:00.000Z,ERP_CORPORATIVO,parceiros,85,9fe134efbdecad5e514db48710b41d48d14734004bf1d1eca6d18740260f1616
ACC-00040,Connect Solutions,CLIENTE,00 000 000 0096 00,contato86@connect.solutions.com.br,"Rodovia Corporativa 6250, Salvador - BA",874a15ca-9c5b-45ae-8363-760c2b2945ff,2026-01-10T09:00:00.000Z,ERP_CORPORATIVO,parceiros,86,70f6bf8f2fdb8f0d3035cdcc57ab810dfc13c41c8ea094df8f46b5cc5a133476
ACC-00047,Alpha Group,AMBOS,00000000009700, contato87@alpha.group.com.br ,"Av. Corporativa 370, Porto Alegre - Rs",874a15ca-9c5b-45ae-8363-760c2b2945ff,2026-01-10T09:00:00.000Z,ERP_CORPORATIVO,parceiros,87,6b4b6dd091fb3caba77ea2f3a8c1d0df169f5405e961c7fab33e22adae50a0ab
ACC-00049,  core group  ,Cliente,00000000/0098-00,contato88@CORE.GROUP.COM.BR,"Rodovia Corporativa 8242, Recife - Pe",874a15ca-9c5b-45ae-8363-760c2b2945ff,2026-01-10T09:00:00.000Z,ERP_CORPORATIVO,parceiros,88,00d6ff2bde387839c6225729f60fa41ebb5aa3f56727176121453870a91bca88
ACC-00050,Global Gestão,CLIENTE,00000000/0099-00,contato89@global.gestao.com.br,"Alameda Corporativa 7566, Manaus - AM",874a15ca-9c5b-45ae-8363-760c2b2945ff,2026-01-10T09:00:00.000Z,ERP_CORPORATIVO,parceiros,89,4fe9869ecc8933ecacc445b86a8f5a33034ad28cd80cdd3f075fe7980bbaa9e2
ACC-00055,  nexo consulting  ,CLIENTE,00000000010000,contato90@nexo.consulting.com.br,"Travessa Corporativa 2455, Fortaleza - CE",874a15ca-9c5b-45ae-8363-760c2b2945ff,2026-01-10T09:00:00.000Z,ERP_CORPORATIVO,parceiros,90,e84ac28d0e768ad4ba9e0f0687ba1e0664f4052eef569a7418fb11f0659e8fc4
ACC-00056,GLOBAL HOLDING,CLIENTE,00.000.000/0101-00,CONTATO91@GLOBAL.HOLDING.COM.BR,"Alameda Corporativa 580, Brasília - DF",874a15ca-9c5b-45ae-8363-760c2b2945ff,2026-01-10T09:00:00.000Z,ERP_CORPORATIVO,parceiros,91,ba0f683aa8ff8419cbae9d8c3fb0216e3aeee264873122152c4337ecf7faf240
ACC-00057,link contábil,cliente,00.000.000.0102-00,CONTATO92@LINK.CONTABIL.COM.BR,"Rodovia Corporativa 8225, Recife - PE",874a15ca-9c5b-45ae-8363-760c2b2945ff,2026-01-10T09:00:00.000Z,ERP_CORPORATIVO,parceiros,92,8d6831c5161884a38d9f9c4764718fb7915a2ea6c8f0623504814e4a68f44dc2
ACC-00058,Safe Engenharia,CLIENTE,00.000.000/0103-00,contato93@SAFE.ENGENHARIA.COM.BR,"ALAMEDA CORPORATIVA 9774, FORTALEZA - CE",874a15ca-9c5b-45ae-8363-760c2b2945ff,2026-01-10T09:00:00.000Z,ERP_CORPORATIVO,parceiros,93,7bd44d8b8c6bba802ab6af6d073ad77ff8eb201e4c7ddba4a3399dab466d3313
ACC-00059,Ultra Brasil,CLIENTE,00000000/0104-00, contato94@ultra.brasil.com.br ,"Rodovia Corporativa 8855, Salvador - BA",874a15ca-9c5b-45ae-8363-760c2b2945ff,2026-01-10T09:00:00.000Z,ERP_CORPORATIVO,parceiros,94,bd8e36ad8490c61650916ea9b00d548f2044e4cf87d05534483b6d938472d11c
ACC-00067,Digital F.,AMBOS,00.000.000/0105-00,contato95@digital.financeira.com.br,"Av. Corporativa 3502, Florianópolis - SC",874a15ca-9c5b-45ae-8363-760c2b2945ff,2026-01-10T09:00:00.000Z,ERP_CORPORATIVO,parceiros,95,a047852ce335d42048802a6c0ebb0ff882a509c4500be52384d38279c1160715
ACC-00069,Flex Assessoria,CLIENTE,00000000010600,contato96@flex.assessoria.com.br,"Travessa Corporativa 1988, Fortaleza - Ce",874a15ca-9c5b-45ae-8363-760c2b2945ff,2026-01-10T09:00:00.000Z,ERP_CORPORATIVO,parceiros,96,612ae80aeb6bcd896af54b01e33145822bf796897a691e4b41445c9a913ed133
ACC-00075,Nexo Indústria,ambos,00000000010700, contato97@nexo.industria.com.br ,"Rodovia Corporativa 1641, São Paulo - SP",874a15ca-9c5b-45ae-8363-760c2b2945ff,2026-01-10T09:00:00.000Z,ERP_CORPORATIVO,parceiros,97,e41ea2b4ef514ecca89ca75eabc9b5369045e9f486bbcf8af4fe532dea77470d
ACC-00077,  flex holding  ,AMBOS,00000000/0108-00,CONTATO98@FLEX.HOLDING.COM.BR,"Av. Corporativa 4162, Manaus - AM",874a15ca-9c5b-45ae-8363-760c2b2945ff,2026-01-10T09:00:00.000Z,ERP_CORPORATIVO,parceiros,98,da47ed43251db37ac34b3b7d413b6ce9e32fc0d94baf9be7eb557e3f35b8bd55
ACC-00079,Core S.A.,CLIENTE,00.000.000.0109-00, contato99@core.s.a..com.br ,"Travessa Corporativa 4074, Curitiba - PR",874a15ca-9c5b-45ae-8363-760c2b2945ff,2026-01-10T09:00:00.000Z,ERP_CORPORATIVO,parceiros,99,9f656a2cfea12137e48adfe6eca2fac7763ae6ebdfd90d7d52d304ad07a63083
ACC-00080,Alpha Distribuidora,CLIENTE,00.000.000.0110-00,CONTATO100@ALPHA.DISTRIBUIDORA.COM.BR,"Rua Corporativa 3639, Santos - SP",874a15ca-9c5b-45ae-8363-760c2b2945ff,2026-01-10T09:00:00.000Z,ERP_CORPORATIVO,parceiros,100,fff7258f0c5ba0c1ac7d2c41684839b09b62b2e6c90049418e8397ae73f5974c
ACC-00083,Max Group,CLI,00 000 000 0111 00, contato101@max.group.com.br ,"Alameda Corporativa 6661, Salvador - Ba",874a15ca-9c5b-45ae-8363-760c2b2945ff,2026-01-10T09:00:00.000Z,ERP_CORPORATIVO,parceiros,101,f63a1546e30d871dc58cf84b11997e8782363085efa8de76e36eb66929c1b6c3
ACC-00093,Alpha Gestão,Cliente,00.000.000.0112-00,contato102@ALPHA.GESTAO.COM.BR,Alameda Corporativa.,874a15ca-9c5b-45ae-8363-760c2b2945ff,2026-01-10T09:00:00.000Z,ERP_CORPORATIVO,parceiros,102,1eebad1027bde6f2e042da86ef1e068b4225766ee6d6e37b3f81d4c85300a1ef
ACC-00094,Soft Distribuidora,CLIENTE,00 000 000 0113 00,CONTATO103@SOFT.DISTRIBUIDORA.COM.BR,"Travessa Corporativa 7775, Brasília - DF",874a15ca-9c5b-45ae-8363-760c2b2945ff,2026-01-10T09:00:00.000Z,ERP_CORPORATIVO,parceiros,103,9266ba88b27b8800ea0cc981b70ef311a9aa0bfad1abfc53a5a4c8f23576095d
ACC-00095,Tech .,CLIENTE,00000000/0114-00, contato104@tech.group.com.br ,"Alameda Corporativa 4903, Salvador - BA",874a15ca-9c5b-45ae-8363-760c2b2945ff,2026-01-10T09:00:00.000Z,ERP_CORPORATIVO,parceiros,104,37a0dd7ef8f950c095c6e011850389f351e3d558720bb6a70b1b4130fa989932
ACC-00097,  sure holding  ,Cliente,00.000.000.0115-00,contato105@SURE.HOLDING.COM.BR,"Rua Corporativa 1437, Porto Alegre - RS",874a15ca-9c5b-45ae-8363-760c2b2945ff,2026-01-10T09:00:00.000Z,ERP_CORPORATIVO,parceiros,105,213d1a24eac4bee02e8a0f2ae99e80e15ad0988188378339839de7071f99cbfc
ACC-00100,Soft Engenharia,CLIENTE,00 000 000 0116 00,contato106@SOFT.ENGENHARIA.COM.BR,"Travessa Corporativa 6690, Salvador - BA",874a15ca-9c5b-45ae-8363-760c2b2945ff,2026-01-10T09:00:00.000Z,ERP_CORPORATIVO,parceiros,106,a76009bc90f07e36dee6c0d405fb1a224db6a9c540e2c34e826918d5bb497138
ACC-00102,  vox gestão  ,CLIENTE,00.000.000/0117-00,contato107@VOX.GESTAO.COM.BR,Av. Corporativa 6.,874a15ca-9c5b-45ae-8363-760c2b2945ff,2026-01-10T09:00:00.000Z,ERP_CORPORATIVO,parceiros,107,db839b7b52d27498d26b14b04484be95f3fefa545f346ebb54056733c15caeff
ACC-00103,Alpha Consulting,CLIENTE,00.000.000/0118-00,CONTATO108@ALPHA.CONSULTING.COM.BR,"Av. Corporativa 9046, Porto Alegre - RS",874a15ca-9c5b-45ae-8363-760c2b2945ff,2026-01-10T09:00:00.000Z,ERP_CORPORATIVO,parceiros,108,58e15b7def551eb7df124b6d07771043f761ee525a46cc041f333b928d919f60
ACC-00104,Sigma P.,AMBOS,00 000 000 0119 00,contato109@SIGMA.PARTNERS.COM.BR,"Travessa Corporativa 1298, Recife - PE",874a15ca-9c5b-45ae-8363-760c2b2945ff,2026-01-10T09:00:00.000Z,ERP_CORPORATIVO,parceiros,109,41ed274048da88bbc17ec2f6a9f78b1a446416160eba0350cc87b617e07ddd50
ACC-00105,Safe S.A.,cliente,00.000.000/0120-00,contato110@SAFE.S.A..COM.BR,Travessa Corporativa.,874a15ca-9c5b-45ae-8363-760c2b2945ff,2026-01-10T09:00:00.000Z,ERP_CORPORATIVO,parceiros,110,9489538e45e840f6afcc9315d73304e6ebd8f2c07279d3ce1cd33d97366e8137
ACC-00106,POWER GROUP,CLIENTE,00 000 000 0121 00,contato111@POWER.GROUP.COM.BR,"Av. Corporativa 3238, Salvador - BA",874a15ca-9c5b-45ae-8363-760c2b2945ff,2026-01-10T09:00:00.000Z,ERP_CORPORATIVO,parceiros,111,d9719b0dfe139a4a36ec29df724ec5f673895ebfe0bf4aa1b37d9da3a5ee3b9b
ACC-00112,Pro Holding,CLIENTE,00 000 000 0122 00,contato112@PRO.HOLDING.COM.BR,"Alameda Corporativa 1189, Porto Alegre - RS",874a15ca-9c5b-45ae-8363-760c2b2945ff,2026-01-10T09:00:00.000Z,ERP_CORPORATIVO,parceiros,112,5202207d2b140efbec5b431f1b9f93f5f940894cbd882f98aca1458d40d77c5f
ACC-00115,tech logística,AMBOS,00.000.000.0123-00, contato113@tech.logistica.com.br ,"RUA CORPORATIVA 996, CURITIBA - PR",874a15ca-9c5b-45ae-8363-760c2b2945ff,2026-01-10T09:00:00.000Z,ERP_CORPORATIVO,parceiros,113,ff48d6cda79f7df06116db00cd6cdd9d601f34aca234174768292078c01061be
ACC-00123,VOX HOLDING,CLIENTE,00000000012400,CONTATO114@VOX.HOLDING.COM.BR,Rodovia Corporativ.,874a15ca-9c5b-45ae-8363-760c2b2945ff,2026-01-10T09:00:00.000Z,ERP_CORPORATIVO,parceiros,114,1170f85af1f518dff17c0762b85b15c013a536316b3c20b5839da6b167c75040
ACC-00127,Sure Comercial,Cliente,00000000012500, contato115@sure.comercial.com.br ,"Alameda Corporativa 5179, São Paulo - SP",874a15ca-9c5b-45ae-8363-760c2b2945ff,2026-01-10T09:00:00.000Z,ERP_CORPORATIVO,parceiros,115,c7e3804b7d9a21fbecd0dbc11a21f29e63516bf9c5a45762c1fb13ec42b1f68a
ACC-00140,Power Gestão,cli.,00000000/0126-00, contato116@power.gestao.com.br ,"Rodovia Corporativa 7124, Porto Alegre - RS",874a15ca-9c5b-45ae-8363-760c2b2945ff,2026-01-10T09:00:00.000Z,ERP_CORPORATIVO,parceiros,116,de99ce4482e7e5f741972e59ba23a71c8445b8bf73c90d9761131789f0107729
ACC-00149,Vox B.,CLIENTE,00.000.000.0127-00,contato117@vox.brasil.com.br,"Travessa Corporativa 8792, São Paulo - SP",874a15ca-9c5b-45ae-8363-760c2b2945ff,2026-01-10T09:00:00.000Z,ERP_CORPORATIVO,parceiros,117,c28a33ec8dfce12e8fb046b3d7895d9b24546666405ac9a19ac243a968e807aa
ACC-00154,Soft Brasil,AMBOS,00.000.000/0128-00,CONTATO118@SOFT.BRASIL.COM.BR,"AV. CORPORATIVA 9294, MANAUS - AM",874a15ca-9c5b-45ae-8363-760c2b2945ff,2026-01-10T09:00:00.000Z,ERP_CORPORATIVO,parceiros,118,e926b1c44829e1f47c68346998f712db21494b7c1fea215a228c5921a092281e
ACC-00155,safe comercial,AMBOS,00.000.000/0129-00,contato119@safe.comercial.com.br,"Rua Corporativa 9145, Goiânia - GO",874a15ca-9c5b-45ae-8363-760c2b2945ff,2026-01-10T09:00:00.000Z,ERP_CORPORATIVO,parceiros,119,f35a13a571e0551b8d25d68c7781a43dd4d0e8d5a11d6100bd4d415bca2133c7
ACC-00159,Mega Partners,CLIENTE,00.000.000/0130-00,contato120@MEGA.PARTNERS.COM.BR,"Rodovia Corporativa 2020, Recife - PE",874a15ca-9c5b-45ae-8363-760c2b2945ff,2026-01-10T09:00:00.000Z,ERP_CORPORATIVO,parceiros,120,324d1fb35f18b1721994da8baf6cf092458e59dbb5e7f872f5dde6d14be4c767
ACC-00161,Global Group,Cliente,00.000.000.0131-00,CONTATO121@GLOBAL.GROUP.COM.BR,"Rodovia Corporativa 9594, Curitiba - PR",874a15ca-9c5b-45ae-8363-760c2b2945ff,2026-01-10T09:00:00.000Z,ERP_CORPORATIVO,parceiros,121,d885efb61af7b5f54e5e9063b3b6f378392fbdc827ab40eed3d7452d43791ddc
ACC-00162,Mega Group,cliente,00.000.000/0132-00,contato122@mega.group.com.br,"  travessa corporativa 9914, são paulo - sp  ",874a15ca-9c5b-45ae-8363-760c2b2945ff,2026-01-10T09:00:00.000Z,ERP_CORPORATIVO,parceiros,122,da87e262a31cd0554c1e5aa616eeea00e4c93b11c63a1d7764fe0d5982da9969
ACC-00166,Data Logística,CLIENTE,00.000.000.0133-00, contato123@data.logistica.com.br ,"Alameda Corporativa 4967, Manaus - AM",874a15ca-9c5b-45ae-8363-760c2b2945ff,2026-01-10T09:00:00.000Z,ERP_CORPORATIVO,parceiros,123,96d707aaa0a720d8c3a91b25332eec5093c58bc5b14159864dff354ed76dbb43
ACC-00167,Sigma Financeira,CLIENTE,00 000 000 0134 00, contato124@sigma.financeira.com.br ,"Rua Corporativa 5716, Manaus - AM",874a15ca-9c5b-45ae-8363-760c2b2945ff,2026-01-10T09:00:00.000Z,ERP_CORPORATIVO,parceiros,124,938df57e37d5629e1c6b05185eb6f37afe15c374c64a2a3f2642b354aff90417
ACC-00168,Sure Partners,AMBOS,00.000.000.0135-00,contato125@SURE.PARTNERS.COM.BR,"av. corporativa 5690, recife - pe",874a15ca-9c5b-45ae-8363-760c2b2945ff,2026-01-10T09:00:00.000Z,ERP_CORPORATIVO,parceiros,125,5cbd36d226acabe620a6a84c81b3e7e191d03d0964b65923e52dee04318a3a2a
ACC-00171,Max Systems,CLIENTE,00 000 000 0136 00,contato126@max.systems.com.br,"Alameda Corporativa 1051, Curitiba - PR",874a15ca-9c5b-45ae-8363-760c2b2945ff,2026-01-10T09:00:00.000Z,ERP_CORPORATIVO,parceiros,126,ed81f45b96a16fbf082bb5662aab580802dbbad8cda9105b043d5b1e573ef6dc
ACC-00179,Data Gestão,AMBOS,00.000.000/0137-00, contato127@data.gestao.com.br ,"Travessa Corporativa 2559, Porto Alegre - RS",874a15ca-9c5b-45ae-8363-760c2b2945ff,2026-01-10T09:00:00.000Z,ERP_CORPORATIVO,parceiros,127,c732a3315507ce7f0f93d4ca6c018adb9ad757f1deeed69a60bf99f9d1f41be8
ACC-00181,  fast partners  ,cli.,00000000/0138-00, contato128@fast.partners.com.br ,"Rua Corporativa 8511, Belo Horizonte - MG",874a15ca-9c5b-45ae-8363-760c2b2945ff,2026-01-10T09:00:00.000Z,ERP_CORPORATIVO,parceiros,128,bc35e93cd5868003df721ed2b535d7a2cbe305d02c49939131a9d67c940e8465
ACC-00184,Max Contábil,CLIENTE,00.000.000/0139-00,contato129@MAX.CONTABIL.COM.BR,"Travessa Corporativa 5110, Florianópolis - SC",874a15ca-9c5b-45ae-8363-760c2b2945ff,2026-01-10T09:00:00.000Z,ERP_CORPORATIVO,parceiros,129,25023c62cf5d6db5df77aef9c86fa738f88df5d6d9840c96a90304ecfc681b40
ACC-00185,Mega Indústria,AMBOS,00 000 000 0140 00,contato130@mega.industria.com.br,"Rodovia Corporativa 6043, Campinas - SP",874a15ca-9c5b-45ae-8363-760c2b2945ff,2026-01-10T09:00:00.000Z,ERP_CORPORATIVO,parceiros,130,2d0a79a94d97da5f327543825909b27935ad8ad8593a27f2bee1174259080d98
ACC-00187,  nova ltda  ,FORN/CLI,00 000 000 0141 00,contato131@nova.ltda.com.br,"Rua Corporativa 8917, São Paulo - SP",874a15ca-9c5b-45ae-8363-760c2b2945ff,2026-01-10T09:00:00.000Z,ERP_CORPORATIVO,parceiros,131,4048fb99e8d92b7d0ab00e75dc3aa91ba0943c6f70827a1aa0b9881cef590428
ACC-00190,Link Technologies,F/C,00.000.000.0142-00, contato132@link.technologies.com.br ,"Rodovia Corporativa 2889, Rio de Janeiro - RJ",874a15ca-9c5b-45ae-8363-760c2b2945ff,2026-01-10T09:00:00.000Z,ERP_CORPORATIVO,parceiros,132,2c813bf55faf085e3d4abbffe6ab221df79428787d589c249fbaf6737e3585f0
ACC-00197,Pro Ltda,cli.,00.000.000/0143-00,contato133@PRO.LTDA.COM.BR,"Travessa Corporativa 7410, Porto Alegre - RS",874a15ca-9c5b-45ae-8363-760c2b2945ff,2026-01-10T09:00:00.000Z,ERP_CORPORATIVO,parceiros,133,195f5f9ef83fdad62def7eda6578cafdd01d87d380214540955fd620c51aab35
FORN-00002,Pro Contábil,forn.,00.000.000/0144-00,CONTATO134@PRO.CONTABIL.COM.BR,"RUA CORPORATIVA 9284, SANTOS - SP",874a15ca-9c5b-45ae-8363-760c2b2945ff,2026-01-10T09:00:00.000Z,ERP_CORPORATIVO,parceiros,134,bb982e3e38d22f433a679d662cdc1edcd83bf3c369975a3a3136e965bf1e91b3
FORN-00003,Info Ltda,FORNECEDOR,00000000/0145-00,contato135@info.ltda.com.br,"Rodovia Corporativa 7495, Belo Horizonte - MG",874a15ca-9c5b-45ae-8363-760c2b2945ff,2026-01-10T09:00:00.000Z,ERP_CORPORATIVO,parceiros,135,8df7193ce5637f95bb4beeb90ee30b685bf08e78260d216427636bdacc080e94
FORN-00004,Max Indústria,fornecedor,00000000/0146-00, contato136@max.industria.com.br ,"Rua Corporativa 742, Porto Alegre - RS",874a15ca-9c5b-45ae-8363-760c2b2945ff,2026-01-10T09:00:00.000Z,ERP_CORPORATIVO,parceiros,136,4447be2fc94066a48d5d2a056b7202ac8b81530d5920ab90819bd6cbf499823b
FORN-00006,Global.,Fornecedor,00 000 000 0147 00,CONTATO137@GLOBAL.BRASIL.COM.BR,"Travessa Corporativa 9441, Curitiba - PR",874a15ca-9c5b-45ae-8363-760c2b2945ff,2026-01-10T09:00:00.000Z,ERP_CORPORATIVO,parceiros,137,6c63c3d9f86a93e28bc3377c08a4edada36551b110c16485287004e6434fb5ae
FORN-00009,Nexo S.A.,forn.,00.000.000.0148-00,contato138@nexo.s.a..com.br,"  alameda corporativa 8916, manaus - am  ",874a15ca-9c5b-45ae-8363-760c2b2945ff,2026-01-10T09:00:00.000Z,ERP_CORPORATIVO,parceiros,138,40dcc754a120c85cacc45086a1f2e3695f3bb45487d7bbc5e7ba52954732f14e
FORN-00010,Tech Gestão,FORNECEDOR,00000000/0149-00,CONTATO139@TECH.GESTAO.COM.BR,"Rua Corporativa 7898, Belo Horizonte - MG",874a15ca-9c5b-45ae-8363-760c2b2945ff,2026-01-10T09:00:00.000Z,ERP_CORPORATIVO,parceiros,139,696ca8860a8faa64762ebd423238195c043fb4ff855b65b3a431140c9b79d1a5
FORN-00013,  digital services  ,FORNECEDOR,00 000 000 0150 00, contato140@digital.services.com.br ,"Alameda Corporativa 2497, Florianópolis - SC",874a15ca-9c5b-45ae-8363-760c2b2945ff,2026-01-10T09:00:00.000Z,ERP_CORPORATIVO,parceiros,140,7ad2adc6202931987e7aa9094b9cded2eafd8f146a17a2db673c6bc625f36c0a
FORN-00021,mega solutions,AMBOS,00.000.000/0151-00, contato141@mega.solutions.com.br ,"Travessa Corporativa 2306, Rio De Janeiro - Rj",874a15ca-9c5b-45ae-8363-760c2b2945ff,2026-01-10T09:00:00.000Z,ERP_CORPORATIVO,parceiros,141,1ff2e8382c11cceb0671802ad5797fbd0babfc5151712adde461dbbce41e531f
FORN-00022,Max Engenharia,FORN,00000000/0152-00,CONTATO142@MAX.ENGENHARIA.COM.BR,"Rua Corporativa 3488, Porto Alegre - RS",874a15ca-9c5b-45ae-8363-760c2b2945ff,2026-01-10T09:00:00.000Z,ERP_CORPORATIVO,parceiros,142,036ae68d09f18ce6bd3dce1123bf7a74aa257468a2e3f44942384b8e3253827d
FORN-00024,Safe .,FORNECEDOR,00.000.000.0153-00,contato143@safe.brasil.com.br,"Av. Corporativa 5324, Campinas - SP",874a15ca-9c5b-45ae-8363-760c2b2945ff,2026-01-10T09:00:00.000Z,ERP_CORPORATIVO,parceiros,143,d7c263fbd0c5aad41e6498a60aadf8eca68044fafc06401f49168e8780f1b16e
FORN-00028,Smart .,AMBOS,00000000015400,CONTATO144@SMART.SYSTEMS.COM.BR,"Rodovia Corporativa 7887, Recife - PE",874a15ca-9c5b-45ae-8363-760c2b2945ff,2026-01-10T09:00:00.000Z,ERP_CORPORATIVO,parceiros,144,3357809be4efb28c4bb93c74e2fe66a68bbd1baf1485382859969504a1c90bf3
FORN-00029,Fast Indústria,FORN,00.000.000.0155-00,contato145@FAST.INDUSTRIA.COM.BR,"Av. Corporativa 9681, Porto Alegre - RS",874a15ca-9c5b-45ae-8363-760c2b2945ff,2026-01-10T09:00:00.000Z,ERP_CORPORATIVO,parceiros,145,9ddd7a9784b55ca1b17f5c4c82e4e1db896907be17618d0e7668d0c37f37ccbe
FORN-00036,ALPHA TECHNOLOGIES,FORNECEDOR,00 000 000 0156 00, contato146@alpha.technologies.com.br ,"Travessa Corporativa 8131, Campinas - SP",874a15ca-9c5b-45ae-8363-760c2b2945ff,2026-01-10T09:00:00.000Z,ERP_CORPORATIVO,parceiros,146,1f3956b80c55bd2079c5f591b33d8a5f06fa8c7993685105363808aab4342466
FORN-00039,Top Technologies,AMBOS,00000000/0157-00,contato147@top.technologies.com.br,"Av. Corporativa 7516, Florianópolis - SC",874a15ca-9c5b-45ae-8363-760c2b2945ff,2026-01-10T09:00:00.000Z,ERP_CORPORATIVO,parceiros,147,d498527087f4f9acff4b13dcf9dd8a6a493b4d1c08fd2aca67763145de943e94
FORN-00042,Core Systems,FORNECEDOR,00.000.000/0158-00,contato148@core.systems.com.br,"Travessa Corporativa 5774, Campinas - SP",874a15ca-9c5b-45ae-8363-760c2b2945ff,2026-01-10T09:00:00.000Z,ERP_CORPORATIVO,parceiros,148,e70df9f8d3c4777f3014facc1031a0b1616539757a4f3b8d44a3f8c07497331d
FORN-00044,Global Services,AMBOS,00000000015900, contato149@global.services.com.br ,"  rodovia corporativa 3776, campinas - sp  ",874a15ca-9c5b-45ae-8363-760c2b2945ff,2026-01-10T09:00:00.000Z,ERP_CORPORATIVO,parceiros,149,f4d7830dd6977569bc3eaf90cf130a07f717811079fce9343c463cc6221beeaf
FORN-00045,Power Assessoria,FORNECEDOR,00.000.000.0160-00,contato150@POWER.ASSESSORIA.COM.BR,"Av. Corporativa 6877, Manaus - AM",874a15ca-9c5b-45ae-8363-760c2b2945ff,2026-01-10T09:00:00.000Z,ERP_CORPORATIVO,parceiros,150,ce07dc75a7f825836494ecc2f1e939f004e57e01a626c3701966d2c905285d91
FORN-00046,Soft In.,Ambos,00.000.000/0161-00,CONTATO151@SOFT.INDUSTRIA.COM.BR,"Av. Corporativa 9965, Campinas - Sp",874a15ca-9c5b-45ae-8363-760c2b2945ff,2026-01-10T09:00:00.000Z,ERP_CORPORATIVO,parceiros,151,128a3d05d19e7df28b85d41ded610673836e7c3db141143451fcab3fff06c8f6
FORN-00054,Digital S.A.,forn.,00.000.000/0162-00,CONTATO152@DIGITAL.S.A..COM.BR,"Rodovia Corporativa 9423, Goiânia - GO",874a15ca-9c5b-45ae-8363-760c2b2945ff,2026-01-10T09:00:00.000Z,ERP_CORPORATIVO,parceiros,152,92c4eba313b9ecaf7c9ea330e1c479645e0907576aad298202df86b44b85b565
FORN-00060,  pro consulting  ,FORNECEDOR,00000000/0163-00,contato153@PRO.CONSULTING.COM.BR,"Rua Corporativa 6843, Campinas - SP",874a15ca-9c5b-45ae-8363-760c2b2945ff,2026-01-10T09:00:00.000Z,ERP_CORPORATIVO,parceiros,153,4cdf49f906793905134fcda281e44bf27e5901f07f673b25bf856095fdfdfa0e
FORN-00062,Nexo S.A.,FORNECEDOR,00 000 000 0164 00,contato154@NEXO.S.A..COM.BR,"Rodovia Corporativa 432, Rio de Janeiro - RJ",874a15ca-9c5b-45ae-8363-760c2b2945ff,2026-01-10T09:00:00.000Z,ERP_CORPORATIVO,parceiros,154,5c26d4dfa2dbd6da1cf21581d58bbd0d33c960c04c7ab7242e6cce3ec8318c4a
FORN-00063,  max contábil  ,ambos,00.000.000/0165-00, contato155@max.contabil.com.br ,"Av. Corporativa 8890, Porto Alegre - RS",874a15ca-9c5b-45ae-8363-760c2b2945ff,2026-01-10T09:00:00.000Z,ERP_CORPORATIVO,parceiros,155,bb0fec63815a2e491cecb8d6673677d6025416afcf4cacd5a3909537a6566984
FORN-00064,Pro Indústria,AMBOS,00 000 000 0166 00,contato156@PRO.INDUSTRIA.COM.BR,"Rodovia Corporativa 1781, Fortaleza - CE",874a15ca-9c5b-45ae-8363-760c2b2945ff,2026-01-10T09:00:00.000Z,ERP_CORPORATIVO,parceiros,156,eb90e033b6da816202f5d206f364b4c2759aa14b0ef9f860a0ae0edd3ea62505
FORN-00068,Top Engenharia,FORNECEDOR,00 000 000 0167 00,contato157@top.engenharia.com.br,"Rodovia Corporativa 6347, Brasília - DF",874a15ca-9c5b-45ae-8363-760c2b2945ff,2026-01-10T09:00:00.000Z,ERP_CORPORATIVO,parceiros,157,51a3c199e1f015e26a87138fcc2c2fcb16a47e6cc079cc636c71d020f325b1a0
FORN-00074,Info Partners,FORNECEDOR,00.000.000.0168-00,CONTATO158@INFO.PARTNERS.COM.BR,"Alameda Corporativa 1192, Rio de Janeiro - RJ",874a15ca-9c5b-45ae-8363-760c2b2945ff,2026-01-10T09:00:00.000Z,ERP_CORPORATIVO,parceiros,158,faa16f75bd9889c6710cae6850076585909ff411c978cde66bf36fd0eb6249cd
FORN-00084,Core Brasil,fornecedor,00.000.000/0169-00,contato159@core.brasil.com.br,"Av. Corporativa 6585, Brasília - DF",874a15ca-9c5b-45ae-8363-760c2b2945ff,2026-01-10T09:00:00.000Z,ERP_CORPORATIVO,parceiros,159,3be9a0d83d228df58de7a8c95b31ef7af47ea808bbb2a390580372ee8c760dc8
FORN-00087,Prime Contábil,FORN/CLI,00000000017000,contato160@PRIME.CONTABIL.COM.BR,"Travessa Corporativa 3671, Recife - PE",874a15ca-9c5b-45ae-8363-760c2b2945ff,2026-01-10T09:00:00.000Z,ERP_CORPORATIVO,parceiros,160,1d4850d7537b40d7eb7c825e6b2633c7b1f902a1ad86094f8fa66643a83e825a
FORN-00088,  mega group  ,FORN,00.000.000/0171-00,CONTATO161@MEGA.GROUP.COM.BR,Rodovia Corporativa.,874a15ca-9c5b-45ae-8363-760c2b2945ff,2026-01-10T09:00:00.000Z,ERP_CORPORATIVO,parceiros,161,77aed8eec189e65d4a9c02aae81f9bb4e80e6cc81db95fd684e708373cdc94a0
FORN-00107,Data Group,forn.,00.000.000.0172-00,CONTATO162@DATA.GROUP.COM.BR,"Travessa Corporativa 586, São Paulo - Sp",874a15ca-9c5b-45ae-8363-760c2b2945ff,2026-01-10T09:00:00.000Z,ERP_CORPORATIVO,parceiros,162,2c37780483c4dcd8ec194cfb100538313e917fc509c893d76447bbfdd5e867e6
FORN-00108,Ultra Gestão,fornecedor,00000000017300, contato163@ultra.gestao.com.br ,"Rua Corporativa 2857, Recife - PE",874a15ca-9c5b-45ae-8363-760c2b2945ff,2026-01-10T09:00:00.000Z,ERP_CORPORATIVO,parceiros,163,ea185f8535cb07503b2f506a59669aebbc0025d4e99e8723a733699f20d6337c
FORN-00109,prime comercial,FORNECEDOR,00000000/0174-00,contato164@PRIME.COMERCIAL.COM.BR,"Av. Corporativa 3645, Florianópolis - Sc",874a15ca-9c5b-45ae-8363-760c2b2945ff,2026-01-10T09:00:00.000Z,ERP_CORPORATIVO,parceiros,164,6b15f1fa400237cef486ecc40dd774c06e2e03f11d2d0a811a7795f56d33acd4
FORN-00110,Tech S.,fornecedor,00.000.000.0175-00, contato165@tech.systems.com.br ,"Av. Corporativa 9040, Santos - SP",874a15ca-9c5b-45ae-8363-760c2b2945ff,2026-01-10T09:00:00.000Z,ERP_CORPORATIVO,parceiros,165,2090bb4303d79b21ef047da78ba8e8bada597a25f4507718d4eac51331c0314d
FORN-00111,Beta Gestão,Fornecedor,00000000/0176-00,contato166@beta.gestao.com.br,"Rua Corporativa 9117, Porto Alegre - RS",874a15ca-9c5b-45ae-8363-760c2b2945ff,2026-01-10T09:00:00.000Z,ERP_CORPORATIVO,parceiros,166,133f0c060644f55b753befd6cba4e48b99d24eb2c22c5f67c29d32bb556cf510
FORN-00118,Vox Consulting,forn.,00.000.000/0177-00,contato167@vox.consulting.com.br,"Av. Corporativa 6948, Florianópolis - SC",874a15ca-9c5b-45ae-8363-760c2b2945ff,2026-01-10T09:00:00.000Z,ERP_CORPORATIVO,parceiros,167,8ec42c13aa9cb2bb1eb5f94c3cc7b67ff77f4f587fd10d5caf1fd10518abb940
FORN-00119,Cloud Services,FORN/CLI,00000000017800,CONTATO168@CLOUD.SERVICES.COM.BR,"RODOVIA CORPORATIVA 1587, MANAUS - AM",874a15ca-9c5b-45ae-8363-760c2b2945ff,2026-01-10T09:00:00.000Z,ERP_CORPORATIVO,parceiros,168,93911f164ec2ded821d2cceb3df4e3d3c129c94367af27f2710275846fb578bf
FORN-00120,Sigma Contábil,Fornecedor,00 000 000 0179 00,CONTATO169@SIGMA.CONTABIL.COM.BR,"Rua Corporativa 8404, Rio de Janeiro - RJ",874a15ca-9c5b-45ae-8363-760c2b2945ff,2026-01-10T09:00:00.000Z,ERP_CORPORATIVO,parceiros,169,68b4eaabe2ba2af5b6c842746db658abf1f34389b14778c0978aa88676056eb5
FORN-00122,Connect Ltda,FORNECEDOR,00 000 000 0180 00, contato170@connect.ltda.com.br ,"Rua Corporativa 2759, Belo Horizonte - MG",874a15ca-9c5b-45ae-8363-760c2b2945ff,2026-01-10T09:00:00.000Z,ERP_CORPORATIVO,parceiros,170,4cdee7e07a674f415da403b7ad78ac2fc42719663b0761be9cd8b6575ab0ac7d
FORN-00126,Connect Financeira,AMBOS,00000000018100, contato171@connect.financeira.com.br ,"Travessa Corporativa 6670, Belo Horizonte - MG",874a15ca-9c5b-45ae-8363-760c2b2945ff,2026-01-10T09:00:00.000Z,ERP_CORPORATIVO,parceiros,171,433297fbbbefd91418c767bef394fe02b8f1a42c7d6df73706a5b20b37c43eaa
FORN-00128,Flex Group,fornecedor,00.000.000/0182-00, contato172@flex.group.com.br ,"Rodovia Corporativa 8128, Manaus - AM",874a15ca-9c5b-45ae-8363-760c2b2945ff,2026-01-10T09:00:00.000Z,ERP_CORPORATIVO,parceiros,172,d418bc74f191cef66defada09e9975b4759634690a958bf4bfa6a5b6c3ff0a64
FORN-00129,  nova engenharia  ,fornecedor,00 000 000 0183 00,contato173@NOVA.ENGENHARIA.COM.BR,"  travessa corporativa 2873, campinas - sp  ",874a15ca-9c5b-45ae-8363-760c2b2945ff,2026-01-10T09:00:00.000Z,ERP_CORPORATIVO,parceiros,173,df7d2c101c385c74d0dcb9521353f60375c905a556608ef0b3c0929d1472fd82
FORN-00132,CONNECT SOLUTIONS,AMBOS,00000000/0184-00,contato174@connect.solutions.com.br,"Av. Corporativa 6755, Porto Alegre - RS",874a15ca-9c5b-45ae-8363-760c2b2945ff,2026-01-10T09:00:00.000Z,ERP_CORPORATIVO,parceiros,174,a53f1f58901acf3fec8ee4b791867da6890b8098757b3660cc4f915c8b4fa338
FORN-00136,Smart Partners,FORNECEDOR,00000000018500,contato175@smart.partners.com.br,"Travessa Corporativa 9693, Campinas - SP",874a15ca-9c5b-45ae-8363-760c2b2945ff,2026-01-10T09:00:00.000Z,ERP_CORPORATIVO,parceiros,175,de6f1686f5483c32ae9aa62a3333e231b93b2fc92fd30a262b08c06281347d41
FORN-00138,tech systems,AMBOS,00.000.000/0186-00,contato176@tech.systems.com.br,"Rodovia Corporativa 3765, Belo Horizonte - MG",874a15ca-9c5b-45ae-8363-760c2b2945ff,2026-01-10T09:00:00.000Z,ERP_CORPORATIVO,parceiros,176,d662c5582bed72eac136bbe96ccc34f4177d93b1c880f0a5bc0e5eafd20109d3
FORN-00142,Nexo Engenharia,FORNECEDOR,00.000.000/0187-00,contato177@NEXO.ENGENHARIA.COM.BR,"Travessa Corporativa 4543, Manaus - AM",874a15ca-9c5b-45ae-8363-760c2b2945ff,2026-01-10T09:00:00.000Z,ERP_CORPORATIVO,parceiros,177,e21788d780c1122bc76c3cee52c70383b5aa07d8f11b2d64db093767dca77121
FORN-00144,Prime Financeira,FORNECEDOR,00.000.000.0188-00,CONTATO178@PRIME.FINANCEIRA.COM.BR,"Rodovia Corporativa 8083, Salvador - BA",874a15ca-9c5b-45ae-8363-760c2b2945ff,2026-01-10T09:00:00.000Z,ERP_CORPORATIVO,parceiros,178,1a2c7ce6f59fa935d61c603b13de83b2fdc41ea524c3b49322a40efe7cf2fb7c
FORN-00145,sure group,AMBOS,00.000.000/0189-00,contato179@sure.group.com.br,"Rodovia Corporativa 707, Rio de Janeiro - RJ",874a15ca-9c5b-45ae-8363-760c2b2945ff,2026-01-10T09:00:00.000Z,ERP_CORPORATIVO,parceiros,179,5a72a40cdb2a47348b1e80efa64513a6a0e9017d428783601aa65ff15bce3aa0
FORN-00147,Alpha Consulting,FORNECEDOR,00000000019000,CONTATO180@ALPHA.CONSULTING.COM.BR,"travessa corporativa 6652, fortaleza - ce",874a15ca-9c5b-45ae-8363-760c2b2945ff,2026-01-10T09:00:00.000Z,ERP_CORPORATIVO,parceiros,180,7c28d8a99d7def18d0377b9d923f7e6d334b392530448fa260d7f6ae18af3a1e
FORN-00150,Max Services,FORNECEDOR,00000000019100, contato181@max.services.com.br ,"Alameda Corporativa 1454, Salvador - BA",874a15ca-9c5b-45ae-8363-760c2b2945ff,2026-01-10T09:00:00.000Z,ERP_CORPORATIVO,parceiros,181,c2ad718c972eb2de18bced1a112205726c4726f52e7431c2ebecf7dd6a3a9c07
FORN-00151,Smart.,forn.,00.000.000/0192-00,contato182@smart.ltda.com.br,"Av. Corporativa 771, Santos - SP",874a15ca-9c5b-45ae-8363-760c2b2945ff,2026-01-10T09:00:00.000Z,ERP_CORPORATIVO,parceiros,182,229e69fd30d7d912be89525f5972a35f70b5e705ec93f065db7156ebda226dee
FORN-00152,Prime Consulting,FORNECEDOR,00.000.000.0193-00, contato183@prime.consulting.com.br ,"Alameda Corporativa 786, Campinas - SP",874a15ca-9c5b-45ae-8363-760c2b2945ff,2026-01-10T09:00:00.000Z,ERP_CORPORATIVO,parceiros,183,bc2963ad29be9f08284a85ea1fe6a69e0477696d53b67bf7513391e45ced7f47
FORN-00153,Sigma Solutions,AMBOS,00000000/0194-00,contato184@sigma.solutions.com.br,"Rodovia Corporativa 2758, Porto Alegre - RS",874a15ca-9c5b-45ae-8363-760c2b2945ff,2026-01-10T09:00:00.000Z,ERP_CORPORATIVO,parceiros,184,68f6bd96d898452af9b89643a9058e73e0a4e8f3574d8773e8842de69b2b4c7c
FORN-00157,Sure Services,FORNECEDOR,00.000.000.0195-00,CONTATO185@SURE.SERVICES.COM.BR,"  alameda corporativa 993, rio de janeiro - rj  ",874a15ca-9c5b-45ae-8363-760c2b2945ff,2026-01-10T09:00:00.000Z,ERP_CORPORATIVO,parceiros,185,370b7b41d670a20b26e830d935826d4a7fb8a5fb9b33931f173fa1c50d8e1d9d
FORN-00158,Nova Indústria,FORNECEDOR,00.000.000.0196-00, contato186@nova.industria.com.br ,"Alameda Corporativa 4410, Brasília - DF",874a15ca-9c5b-45ae-8363-760c2b2945ff,2026-01-10T09:00:00.000Z,ERP_CORPORATIVO,parceiros,186,6d60c4e2213f1dc5117dbb7f68745f75d2db26ff53614be25c0b738d02471685
FORN-00164,Flex Engenharia,FORNECEDOR,00000000/0197-00,contato187@flex.engenharia.com.br,"Alameda Corporativa 3334, Florianópolis - SC",874a15ca-9c5b-45ae-8363-760c2b2945ff,2026-01-10T09:00:00.000Z,ERP_CORPORATIVO,parceiros,187,5c2920d296372bd7fbb06a7855551401b7d5b48f3595ef28ae1d4dc1a12cdf34
FORN-00165,Connect Partners,FORNECEDOR,00 000 000 0198 00,CONTATO188@CONNECT.PARTNERS.COM.BR,"Rodovia Corporativa 8414, Rio de Janeiro - RJ",874a15ca-9c5b-45ae-8363-760c2b2945ff,2026-01-10T09:00:00.000Z,ERP_CORPORATIVO,parceiros,188,49563055d55373d6ec3056935f243fb377c18c6fda776b20ca5349d2bb511636
FORN-00172,Pro Logística,FORN,00000000/0199-00, contato189@pro.logistica.com.br ,"Rodovia Corporativa 8618, Salvador - BA",874a15ca-9c5b-45ae-8363-760c2b2945ff,2026-01-10T09:00:00.000Z,ERP_CORPORATIVO,parceiros,189,10da7ec0bf6a3579ba110471bf21bec9b4c02f46b855451a26b4b54fc05a8d39
FORN-00173,  global brasil  ,FORNECEDOR,00.000.000.0200-00,CONTATO190@GLOBAL.BRASIL.COM.BR,"Travessa Corporativa 8342, Manaus - AM",874a15ca-9c5b-45ae-8363-760c2b2945ff,2026-01-10T09:00:00.000Z,ERP_CORPORATIVO,parceiros,190,b3de9c28a722542fd607ba9276c20291e97a8b485c0bc547c8e41997ed35ba29
FORN-00176,DIGITAL CONTÁBIL,AMBOS,00000000020100, contato191@digital.contabil.com.br ,"Travessa Corporativa 4706, Salvador - BA",874a15ca-9c5b-45ae-8363-760c2b2945ff,2026-01-10T09:00:00.000Z,ERP_CORPORATIVO,parceiros,191,59d100c613d19bf37d029aaaafc7b66f45c81eb4d177e5e49aa894df96456d9b
FORN-00178,flex comercial,FORNECEDOR,00 000 000 0202 00,contato192@FLEX.COMERCIAL.COM.BR,"Alameda Corporativa 5146, Salvador - BA",874a15ca-9c5b-45ae-8363-760c2b2945ff,2026-01-10T09:00:00.000Z,ERP_CORPORATIVO,parceiros,192,2739a928ae6c917cb76b48583f5a8362234444ef709bf4fe0a26ac49111c24be
FORN-00188,Ultra Distribuidora,FORNECEDOR,00000000/0203-00,contato193@ultra.distribuidora.com.br,"Alameda Corporativa 6490, Fortaleza - CE",874a15ca-9c5b-45ae-8363-760c2b2945ff,2026-01-10T09:00:00.000Z,ERP_CORPORATIVO,parceiros,193,3ca19d8f901fd23e181b14239f61d7cb23474cb26f419a2a1db05feb69ad268d
FORN-00189,Power Gestão,forn.,00 000 000 0204 00,CONTATO194@POWER.GESTAO.COM.BR,"Alameda Corporativa 8922, Rio De Janeiro - Rj",874a15ca-9c5b-45ae-8363-760c2b2945ff,2026-01-10T09:00:00.000Z,ERP_CORPORATIVO,parceiros,194,934ea71b4a89e6fb4dd8422b503dfc0dc3cfc88343cbaa19b847b26032720c1a
FORN-00191,TOP S.A.,forn.,00.000.000.0205-00,contato195@top.s.a..com.br,"Alameda Corporativa 7723, Porto Alegre - RS",874a15ca-9c5b-45ae-8363-760c2b2945ff,2026-01-10T09:00:00.000Z,ERP_CORPORATIVO,parceiros,195,959bea0181273894cb823933c0c36574ff21b897caf382a386a6866f7adf4e85
FORN-00192,Net Contábil,AMBOS,00 000 000 0206 00,contato196@net.contabil.com.br,"Av. Corporativa 4116, Recife - PE",874a15ca-9c5b-45ae-8363-760c2b2945ff,2026-01-10T09:00:00.000Z,ERP_CORPORATIVO,parceiros,196,1c1e4983b0bdcdfe614f793708ce75e18e75eff1f246804533773ee63e26f880
FORN-00193,Ultra Solutions,AMBOS,00000000020700,CONTATO197@ULTRA.SOLUTIONS.COM.BR,"  av. corporativa 8852, fortaleza - ce  ",874a15ca-9c5b-45ae-8363-760c2b2945ff,2026-01-10T09:00:00.000Z,ERP_CORPORATIVO,parceiros,197,c2491888dfc8452e4b7cba3b2f04b377f581c8f39e05daa9facf7fb9906271ac
FORN-00195,Data Holding,Ambos,00.000.000/0208-00, contato198@data.holding.com.br ,"Alameda Corporativa 6176, Santos - SP",874a15ca-9c5b-45ae-8363-760c2b2945ff,2026-01-10T09:00:00.000Z,ERP_CORPORATIVO,parceiros,198,d8119c858861d8aa5db14614ddee69175732f8048e2c950b35b233cf5c30ee11
FORN-00196,Flex S.A.,forn.,00.000.000/0209-00, contato199@flex.s.a..com.br ,"Rua Corporativa 8307, Brasília - DF",874a15ca-9c5b-45ae-8363-760c2b2945ff,2026-01-10T09:00:00.000Z,ERP_CORPORATIVO,parceiros,199,15a98ab6105456dd0af40f04529b47a7c0bdbef7af1911a5871ea220a1ff8148
FORN-00198,  data group  ,fornecedor,00 000 000 0210 00,contato200@data.group.com.br,"Alameda Corporativa 5234, Rio de Janeiro - RJ",874a15ca-9c5b-45ae-8363-760c2b2945ff,2026-01-10T09:00:00.000Z,ERP_CORPORATIVO,parceiros,200,cfd780132fd8ff62fbe7d8308abf6322a02db6942d797857f02c70253d0251fc
FORN-00201,Digital A.,FORNECEDOR,00.000.000.0251-00, contato201@digital.assessoria.com.br ,"Av. Corporativa 3018, Salvador - BA",874a15ca-9c5b-45ae-8363-760c2b2945ff,2026-01-10T09:00:00.000Z,ERP_CORPORATIVO,parceiros,201,286184acae9a5a9dc45562ab4788deba76640559ced44f292578b40173d9e7ae
FORN-00202,Link Consulting,Fornecedor,00 000 000 0252 00,contato202@link.consulting.com.br,"ALAMEDA CORPORATIVA 7714, FORTALEZA - CE",874a15ca-9c5b-45ae-8363-760c2b2945ff,2026-01-10T09:00:00.000Z,ERP_CORPORATIVO,parceiros,202,5e2d6d0f2711f02c1f99434a4c1365eed78130ba8f40684428fba5fb922513f9
FORN-00203,Smart S.A.,FORNECEDOR,00 000 000 0253 00,contato203@SMART.S.A..COM.BR,"Av. Corporativa 5923, Belo Horizonte - Mg",874a15ca-9c5b-45ae-8363-760c2b2945ff,2026-01-10T09:00:00.000Z,ERP_CORPORATIVO,parceiros,203,552f817bae9e31f2918fc9fff503ee9ab766dfa00627d1a2ff8bb54517211436
FORN-00204,Tech Consulting,Ambos,00.000.000.0254-00,CONTATO204@TECH.CONSULTING.COM.BR,"Travessa Corporativa 6388, Manaus - AM",874a15ca-9c5b-45ae-8363-760c2b2945ff,2026-01-10T09:00:00.000Z,ERP_CORPORATIVO,parceiros,204,8f3a54ba50c36ce61017dfe729f22852b1889a629befc02a53f1f5a1b88f1fc7
FORN-00205,Safe Engenharia,FORNECEDOR,00000000025500, contato205@safe.engenharia.com.br ,"Travessa Corporativa 6582, Campinas - SP",874a15ca-9c5b-45ae-8363-760c2b2945ff,2026-01-10T09:00:00.000Z,ERP_CORPORATIVO,parceiros,205,60147aa1adcaa01ec9fb5af8ea150fb83c6dc64ae1c3b42b03baeff1e459d77f
FORN-00206,Soft Contábil,AMBOS,00.000.000/0256-00,contato206@SOFT.CONTABIL.COM.BR,"Alameda Corporativa 7967, Porto Alegre - RS",874a15ca-9c5b-45ae-8363-760c2b2945ff,2026-01-10T09:00:00.000Z,ERP_CORPORATIVO,parceiros,206,17fbbb1fa3382eb5021dcb854ebe75c725ed4472fb0ccf4a70177dcf61ea5b23
FORN-00207,PRIME CONSULTING,FORNECEDOR,00.000.000.0257-00, contato207@prime.consulting.com.br ,"Rua Corporativa 1006, Florianópolis - SC",874a15ca-9c5b-45ae-8363-760c2b2945ff,2026-01-10T09:00:00.000Z,ERP_CORPORATIVO,parceiros,207,1e0bde1514a9619ef0df23cd917940165e9c6ef1aff7c4bf6812595f3afa3a34
FORN-00208,Digital S.A.,FORNECEDOR,00000000/0258-00,contato208@digital.s.a..com.br,"Rua Corporativa 1102, Brasília - DF",874a15ca-9c5b-45ae-8363-760c2b2945ff,2026-01-10T09:00:00.000Z,ERP_CORPORATIVO,parceiros,208,53a2ec8c7352c4267700cd8b580a0dcb3c19ab257a3810e5752ccf96aee6af06
FORN-00209,Sigma I.,ambos,00000000025900, contato209@sigma.industria.com.br ,"Rodovia Corporativa 281, Porto Alegre - RS",874a15ca-9c5b-45ae-8363-760c2b2945ff,2026-01-10T09:00:00.000Z,ERP_CORPORATIVO,parceiros,209,e9f0f00d98ed454c8d9d4bdbaf27974c1494993bfc22b70471290ba5390478ed
FORN-00210,Beta Dist.,AMBOS,00000000/0260-00,contato210@BETA.DISTRIBUIDORA.COM.BR,"Rua Corporativa 8225, Recife - PE",874a15ca-9c5b-45ae-8363-760c2b2945ff,2026-01-10T09:00:00.000Z,ERP_CORPORATIVO,parceiros,210,2e89fabc71059949442f9dea8897c0c6f71511ded17d95e5d6b1ea29378acba6
FORN-00211,alpha brasil,AMBOS,00 000 000 0261 00,CONTATO211@ALPHA.BRASIL.COM.BR,"Alameda Corporativa 7971, Recife - PE",874a15ca-9c5b-45ae-8363-760c2b2945ff,2026-01-10T09:00:00.000Z,ERP_CORPORATIVO,parceiros,211,bae7948d8441b05607ec3f5361f4d351ce95486da8be903845326efa6975d0fc
FORN-00212,Max Indústria,FORNECEDOR,00.000.000/0262-00,CONTATO212@MAX.INDUSTRIA.COM.BR,"  alameda corporativa 4721, goiânia - go  ",874a15ca-9c5b-45ae-8363-760c2b2945ff,2026-01-10T09:00:00.000Z,ERP_CORPORATIVO,parceiros,212,ba0afdaff0c491f5db7275dd3bf79d594f377b88282d263ce4ffdf813dc23eb7
FORN-00213,Digital A.,FORNECEDOR,00.000.000/0263-00, contato213@digital.assessoria.com.br ,"Rodovia Corporativa 8072, Manaus - AM",874a15ca-9c5b-45ae-8363-760c2b2945ff,2026-01-10T09:00:00.000Z,ERP_CORPORATIVO,parceiros,213,1409134791b7b8916a5ede40fd218dacf7925629fd4f13d4107d91ad95222d26
FORN-00214,Nova Partners,FORNECEDOR,00 000 000 0264 00,contato214@NOVA.PARTNERS.COM.BR,"Alameda Corporativa 1948, Rio de Janeiro - RJ",874a15ca-9c5b-45ae-8363-760c2b2945ff,2026-01-10T09:00:00.000Z,ERP_CORPORATIVO,parceiros,214,221d105e3913907e8c371ad9543830dd6f5af44375cbf149431798e41d9b2ee8
FORN-00215,Info Distribuidora,FORNECEDOR,00000000/0265-00, contato215@info.distribuidora.com.br ,"Travessa Corporativa 8501, Fortaleza - CE",874a15ca-9c5b-45ae-8363-760c2b2945ff,2026-01-10T09:00:00.000Z,ERP_CORPORATIVO,parceiros,215,f3e675cac6914106ef55b49ffc21689f9e6e562c9b1b192ee7b91924c1fc8847
FORN-00216,Info Indústria,FORNECEDOR,00.000.000.0266-00,contato216@info.industria.com.br,"Rodovia Corporativa 2030, São Paulo - Sp",874a15ca-9c5b-45ae-8363-760c2b2945ff,2026-01-10T09:00:00.000Z,ERP_CORPORATIVO,parceiros,216,8cd770b4fd631544f91fb47797cb15d05dafab1281b9343a549e1a336862727e
FORN-00217,  info comercial  ,FORNECEDOR,00000000026700,contato217@info.comercial.com.br,"Rua Corporativa 8549, Florianópolis - SC",874a15ca-9c5b-45ae-8363-760c2b2945ff,2026-01-10T09:00:00.000Z,ERP_CORPORATIVO,parceiros,217,eb0a2f9946fe9cf2b8072e9b98bbed24e1482e996840917eb8050033c19253fa
ACC-00201,Power Technologies,AMBOS,00000000026800, contato218@power.technologies.com.br ,"Rodovia Corporativa 2320, Rio de Janeiro - RJ",874a15ca-9c5b-45ae-8363-760c2b2945ff,2026-01-10T09:00:00.000Z,ERP_CORPORATIVO,parceiros,218,4e8904ebf02df9949be416957c64b03dac1e880e325c4310c0ed559fbe3656e5
ACC-00202,Link Assessoria,F/C,00000000/0269-00,CONTATO219@LINK.ASSESSORIA.COM.BR,"Rodovia Corporativa 6291, Curitiba - PR",874a15ca-9c5b-45ae-8363-760c2b2945ff,2026-01-10T09:00:00.000Z,ERP_CORPORATIVO,parceiros,219,63f59ad0bb701c307030ae127bf5ccab31150d828cac9166dbaf029208df6d89
ACC-00203,  power brasil  ,CLIENTE,00000000027000,CONTATO220@POWER.BRASIL.COM.BR,"Alameda Corporativa 5046, Rio de Janeiro - RJ",874a15ca-9c5b-45ae-8363-760c2b2945ff,2026-01-10T09:00:00.000Z,ERP_CORPORATIVO,parceiros,220,d4404e963fdb3555503c2f6a2f149592e2609e58d5ab50f10e904b22517744ea
ACC-00204,Connect Group,CLIENTE,00 000 000 0271 00,CONTATO221@CONNECT.GROUP.COM.BR,"Rua Corporativa 6864, Florianópolis - SC",874a15ca-9c5b-45ae-8363-760c2b2945ff,2026-01-10T09:00:00.000Z,ERP_CORPORATIVO,parceiros,221,2ea71599ae4bbd33d610abb4cbf158070fc7976a77e628de951f7e4bd6c4ed3b
ACC-00205,Nexo Solutions,cliente,00 000 000 0272 00,contato222@nexo.solutions.com.br,"Rodovia Corporativa 8044, Fortaleza - CE",874a15ca-9c5b-45ae-8363-760c2b2945ff,2026-01-10T09:00:00.000Z,ERP_CORPORATIVO,parceiros,222,4398402705025e0b2abd36e454232c46671fa46369420263cf925012cd8226b0
ACC-00206,Soft Financeira,CLIENTE,00 000 000 0273 00, contato223@soft.financeira.com.br ,"Travessa Corporativa 8406, Goiânia - GO",874a15ca-9c5b-45ae-8363-760c2b2945ff,2026-01-10T09:00:00.000Z,ERP_CORPORATIVO,parceiros,223,857b908561b996552c6c5334c14708ce45893f97e9276acbb4b5089bae5ea386
ACC-00207,Info Brasil,CLIENTE,00 000 000 0274 00,CONTATO224@INFO.BRASIL.COM.BR,Rua Corporativa 2.,874a15ca-9c5b-45ae-8363-760c2b2945ff,2026-01-10T09:00:00.000Z,ERP_CORPORATIVO,parceiros,224,81f681a8180430143c10e7afc65cdf1ac20aac3173fce34038b3c00d417ee70c
ACC-00208,Apex Consulting,CLIENTE,00.000.000.0275-00, contato225@apex.consulting.com.br ,"Travessa Corporativa 5308, Campinas - SP",874a15ca-9c5b-45ae-8363-760c2b2945ff,2026-01-10T09:00:00.000Z,ERP_CORPORATIVO,parceiros,225,016a864659827c89e8b51b068d4d2b0d7199cbb2efec57aee279f34f40cc3336
ACC-00209,Tech Services,CLI,00.000.000.0276-00,CONTATO226@TECH.SERVICES.COM.BR,"Travessa Corporativa 3436, Porto Alegre - RS",874a15ca-9c5b-45ae-8363-760c2b2945ff,2026-01-10T09:00:00.000Z,ERP_CORPORATIVO,parceiros,226,9ef03776792b9b6b66b342d393bcfd0a4f02b95256013096bc9ebc62c0ad4742
ACC-00210,Mega Assessoria,CLIENTE,00 000 000 0277 00,contato227@mega.assessoria.com.br,"Rodovia Corporativa 510, Curitiba - PR",874a15ca-9c5b-45ae-8363-760c2b2945ff,2026-01-10T09:00:00.000Z,ERP_CORPORATIVO,parceiros,227,a2cfd197e9371cb47604505611f6cf7d5e963dca40ba5169eb42d1dfe3ee141c
ACC-00211,  tech indústria  ,cliente,00.000.000/0278-00,CONTATO228@TECH.INDUSTRIA.COM.BR,"Rua Corporativa 5294, Belo Horizonte - Mg",874a15ca-9c5b-45ae-8363-760c2b2945ff,2026-01-10T09:00:00.000Z,ERP_CORPORATIVO,parceiros,228,bf2ed91ca6644228c009a4c76b813bcec3abab32b258257187b768db8e9a4741
ACC-00212,digital contábil,ambos,00000000027900,contato229@digital.contabil.com.br,"Av. Corporativa 7077, Manaus - AM",874a15ca-9c5b-45ae-8363-760c2b2945ff,2026-01-10T09:00:00.000Z,ERP_CORPORATIVO,parceiros,229,e1a29d25bc6777b4199633a1516a67d4ecaf70855d8c950309543f82dfa7f220
ACC-00213,Nova Brasil,CLIENTE,00 000 000 0280 00, contato230@nova.brasil.com.br ,"rodovia corporativa 7617, florianópolis - sc",874a15ca-9c5b-45ae-8363-760c2b2945ff,2026-01-10T09:00:00.000Z,ERP_CORPORATIVO,parceiros,230,4f9495369450c6c5f3aeb6a661a21dddee21bc4792c859f7f6b8372b2ddc0d80
ACC-00214,Safe Gestão,CLIENTE,00.000.000/0281-00, contato231@safe.gestao.com.br ,"  travessa corporativa 9421, porto alegre - rs  ",874a15ca-9c5b-45ae-8363-760c2b2945ff,2026-01-10T09:00:00.000Z,ERP_CORPORATIVO,parceiros,231,8137b24910afe63ad33b6ee9f2c5ac989192542d2ede8415c627cfb3be40f688
ACC-00215,Link Contábil,CLI,00 000 000 0282 00,contato232@LINK.CONTABIL.COM.BR,"Rodovia Corporativa 2049, Campinas - SP",874a15ca-9c5b-45ae-8363-760c2b2945ff,2026-01-10T09:00:00.000Z,ERP_CORPORATIVO,parceiros,232,9fa859939811b9699308f3ddb5c46f77cedb17b0d3b778eb8be2e865d201debd
ACC-00216,Apex Logística,Cliente,00.000.000.0283-00, contato233@apex.logistica.com.br ,"Alameda Corporativa 4933, Manaus - AM",874a15ca-9c5b-45ae-8363-760c2b2945ff,2026-01-10T09:00:00.000Z,ERP_CORPORATIVO,parceiros,233,ba9c747380487471d90dc311e68d542a47d12e64fc716cf038b72a15cce90023
1000201,Cloud Ltda,AMBOS,00000000/0284-00, contato234@cloud.ltda.com.br ,"Travessa Corporativa 1915, São Paulo - SP",874a15ca-9c5b-45ae-8363-760c2b2945ff,2026-01-10T09:00:00.000Z,ERP_CORPORATIVO,parceiros,234,746b695237a24de8e358d27332569f069beee9db74198321376b03fcce76a134
1000202,Ultra S.A.,AMBOS,00000000/0285-00,CONTATO235@ULTRA.S.A..COM.BR,"Travessa Corporativa 8774, Florianópolis - SC",874a15ca-9c5b-45ae-8363-760c2b2945ff,2026-01-10T09:00:00.000Z,ERP_CORPORATIVO,parceiros,235,5c27d6d3470212c1bd6cc7ba620a66212ed8227a655471675dc917f5742ff5ee
1000203,Nova Technologies,fornecedor,00000000028600, contato236@nova.technologies.com.br ,"Rodovia Corporativa 7824, Campinas - SP",874a15ca-9c5b-45ae-8363-760c2b2945ff,2026-01-10T09:00:00.000Z,ERP_CORPORATIVO,parceiros,236,098176c61c156346351cfbad635b802b4d8368d8e4c71d6a6c4c69b895449cd1
1000204,Data Solutions,forn.,00000000028700,contato237@DATA.SOLUTIONS.COM.BR,"av. corporativa 6484, porto alegre - rs",874a15ca-9c5b-45ae-8363-760c2b2945ff,2026-01-10T09:00:00.000Z,ERP_CORPORATIVO,parceiros,237,ee401f13f68b7ac3fd407767ad50f3e656117244f8f308ff882fea2971a49054
1000205,Link Tec.,FORN/CLI,00000000028800,CONTATO238@LINK.TECHNOLOGIES.COM.BR,"Rua Corporativa 8066, Curitiba - PR",874a15ca-9c5b-45ae-8363-760c2b2945ff,2026-01-10T09:00:00.000Z,ERP_CORPORATIVO,parceiros,238,d7ac2a7afeb354ad16c3730f1cddb8ab6174996d9ad340e1db4d46cc0e3c920f
1000206,Mega Solutions,FORNECEDOR,00000000/0289-00,contato239@mega.solutions.com.br,"Rua Corporativa 4561, Recife - PE",874a15ca-9c5b-45ae-8363-760c2b2945ff,2026-01-10T09:00:00.000Z,ERP_CORPORATIVO,parceiros,239,a11a164c053e9dd004614190ac985f3bc96a960e79acdb568acc71b66ae63d84
1000207,Nexo Group,FORNECEDOR,00.000.000.0290-00,CONTATO240@NEXO.GROUP.COM.BR,"TRAVESSA CORPORATIVA 5825, GOIÂNIA - GO",874a15ca-9c5b-45ae-8363-760c2b2945ff,2026-01-10T09:00:00.000Z,ERP_CORPORATIVO,parceiros,240,a30b99381d4dfcefdd29a72f605c5aef36e0fe384c85703d40ba9c984bfbcdee
1000208,Prime Partners,AMBOS,00.000.000/0291-00,CONTATO241@PRIME.PARTNERS.COM.BR,"Rodovia Corporativa 9885, Recife - Pe",874a15ca-9c5b-45ae-8363-760c2b2945ff,2026-01-10T09:00:00.000Z,ERP_CORPORATIVO,parceiros,241,e315578bff9219214223e4a7b2e2d196c7276503fc3f9dfea0e4d78098d8cc76
1000209,Flex Solutions,FORN/CLI,00000000/0292-00,contato242@flex.solutions.com.br,"Rua Corporativa 8773, Salvador - BA",874a15ca-9c5b-45ae-8363-760c2b2945ff,2026-01-10T09:00:00.000Z,ERP_CORPORATIVO,parceiros,242,b0d67fb93f37cd68860881554d7b496c02974b1c2fbb5efe62e25ed6dd386c73
1000210,apex contábil,FORNECEDOR,00 000 000 0293 00, contato243@apex.contabil.com.br ,"  rodovia corporativa 6007, goiânia - go  ",874a15ca-9c5b-45ae-8363-760c2b2945ff,2026-01-10T09:00:00.000Z,ERP_CORPORATIVO,parceiros,243,986ff281a4c79158697e2bd218acf428c6634965267ae420f23fd5fa08f4daf1
1000211,LINK GESTÃO,FORN,00 000 000 0294 00, contato244@link.gestao.com.br ,"Alameda Corporativa 9337, Manaus - Am",874a15ca-9c5b-45ae-8363-760c2b2945ff,2026-01-10T09:00:00.000Z,ERP_CORPORATIVO,parceiros,244,b2cf6be6580d23bff8b423149eaf69b6b417604ddd519295068e4b6de536bb7e
1000212,Global Group,F/C,00 000 000 0295 00,CONTATO245@GLOBAL.GROUP.COM.BR,"Rodovia Corporativa 8627, Belo Horizonte - MG",874a15ca-9c5b-45ae-8363-760c2b2945ff,2026-01-10T09:00:00.000Z,ERP_CORPORATIVO,parceiros,245,54d17c3c03997f0ddcf0ebfe6832d4c26a6242751936365991da9335b5cea0c9
1000213,SMART HOLDING,FORNECEDOR,00.000.000/0296-00, contato246@smart.holding.com.br ,"Av. Corporativa 986, Manaus - AM",874a15ca-9c5b-45ae-8363-760c2b2945ff,2026-01-10T09:00:00.000Z,ERP_CORPORATIVO,parceiros,246,904680a855f02c79fdde0fddd7077cdf44ce6bc5cc88ef4534811233d9074700
1000214,  digital solutions  ,F/C,00 000 000 0297 00,contato247@digital.solutions.com.br,"Rua Corporativa 1300, Santos - SP",874a15ca-9c5b-45ae-8363-760c2b2945ff,2026-01-10T09:00:00.000Z,ERP_CORPORATIVO,parceiros,247,8db94b4f9b374c602fabcda5ca056e8fb517267c4c859f48633b75c73fe66c1a
1000215,Power Financeira,fornecedor,00.000.000.0298-00,contato248@power.financeira.com.br,"Rodovia Corporativa 8300, Manaus - AM",874a15ca-9c5b-45ae-8363-760c2b2945ff,2026-01-10T09:00:00.000Z,ERP_CORPORATIVO,parceiros,248,ee6d4e33a076f123d636a676e2f9a3361e1793040755fe83ae0aaf5e6cfe9ae1
1000216,info s.a.,AMBOS,00000000029900,contato249@INFO.S.A..COM.BR,"  rodovia corporativa 3772, brasília - df  ",874a15ca-9c5b-45ae-8363-760c2b2945ff,2026-01-10T09:00:00.000Z,ERP_CORPORATIVO,parceiros,249,2c17ee691dea57571888f4fbd88af4b27129a5a618e2b0047d59f03c2e9a6c6a
1000217,Nova Solutions,FORN,00000000/0300-00,CONTATO250@NOVA.SOLUTIONS.COM.BR,"Av. Corporativa 6452, Brasília - DF",874a15ca-9c5b-45ae-8363-760c2b2945ff,2026-01-10T09:00:00.000Z,ERP_CORPORATIVO,parceiros,250,e224e37ee6b0f5806b34b9379edc16acb449a080489848886559400d8d904087
