id_funcionario_raw,nome,cpf,cargo,departamento,data_admissao,salario,tipo_contrato,ingestion_id,ingestion_ts,source_system,source_entity,row_seq,raw_row_hash
1,Leonardo Dias,000.001.100-27,Assistente Administrativo,COM,2021-05-29,3681.6,CLT,d7cc9a21-778a-4a6a-bda9-b675de59df2d,2026-01-10T10:30:00.000Z,ERP_CORPORATIVO,funcionarios,1,b79e14b4f103e3aea2cf55981364640b6501dcc61464df376829733f7e88c03c
2,Viviane Melo,000.002.100-80,Assistente Administrativo,COM,2017-11-26,2247.01,CLT,d7cc9a21-778a-4a6a-bda9-b675de59df2d,2026-01-10T10:30:00.000Z,ERP_CORPORATIVO,funcionarios,2,0f69e0db81fed1de6c8366eb7b638f000806a15ba92702291425317a71e6b56c
3,Igor Nascimento,000.003.100-34,Analista Júnior,COM,2019-01-20,4026.93,PJ,d7cc9a21-778a-4a6a-bda9-b675de59df2d,2026-01-10T10:30:00.000Z,ERP_CORPORATIVO,funcionarios,3,80a1809f1f0e0de9b9f665fa66a36c0687ea3bede9665d8e4dbceb64e483c128
4,Beatriz Teixeira,000.004.100-98,Analista Júnior,COM,2022-08-05,5046.05,ESTAGIO,d7cc9a21-778a-4a6a-bda9-b675de59df2d,2026-01-10T10:30:00.000Z,ERP_CORPORATIVO,funcionarios,4,738a6d007739d36d26201c1defbb14b83a30bf4428f241f96cce38adf4560309
5,Roberto Teixeira,000.005.100-41,Gerente,COM,2016-07-28,12982.84,ESTAGIO,d7cc9a21-778a-4a6a-bda9-b675de59df2d,2026-01-10T10:30:00.000Z,ERP_CORPORATIVO,funcionarios,5,131171d5d488e46f18fe4f5eabf6850975e43db9a50365ea3da8ce630904599d
6,Fernanda Melo,000.006.100-03,Analista Sênior,COM,2019-03-25,10100.66,PJ,d7cc9a21-778a-4a6a-bda9-b675de59df2d,2026-01-10T10:30:00.000Z,ERP_CORPORATIVO,funcionarios,6,40bd3844d07881186fe4894e5cdd37fc87b743bbacaa6ca6a06db8ddddda3b05
7,Natalia Moraes,000.007.100-59,Analista Sênior,COM,2016-04-07,7269.45,CLT,d7cc9a21-778a-4a6a-bda9-b675de59df2d,2026-01-10T10:30:00.000Z,ERP_CORPORATIVO,funcionarios,7,7723921e535ddd6b3db30807b8d9791ee46049e36b3129e774cdd6e4724dbb9b
8,Diego Moreira,000.008.100-02,Gerente,COM,2015-02-20,21606.54,TEMPORARIO,d7cc9a21-778a-4a6a-bda9-b675de59df2d,2026-01-10T10:30:00.000Z,ERP_CORPORATIVO,funcionarios,8,f19f8fe6d78022eeff8b871805c68d1a567e6be6b7b47c0b371d2b15dfd2a071
9,Elaine Oliveira,000.009.100-66,Coordenador(a),COM,2020-12-06,14863.01,CLT,d7cc9a21-778a-4a6a-bda9-b675de59df2d,2026-01-10T10:30:00.000Z,ERP_CORPORATIVO,funcionarios,9,be4bec3241be5506f8b84b2eeff9536fa3987b6f12bd1615d62abe1be3a17c52
10,Pedro Rodrigues,000.010.100-18,Assistente Administrativo,COM,2022-08-25,3138.03,CLT,d7cc9a21-778a-4a6a-bda9-b675de59df2d,2026-01-10T10:30:00.000Z,ERP_CORPORATIVO,funcionarios,10,d2b8f3471550468bd89334789d3321b84ee50bf3fb2156eabc48adf49041bc72
11,Simone Martins,000.011.100-71,Analista Pleno,COM,2020-02-22,7546.21,CLT,d7cc9a21-778a-4a6a-bda9-b675de59df2d,2026-01-10T10:30:00.000Z,ERP_CORPORATIVO,funcionarios,11,a02acbaf0e27455669e52e91dfb2ff6faac1d2134c0674c3230f6cd8d4fac06d
12,Victor Santos,000.012.100-25,Gerente,COM,2015-06-07,19647.57,PJ,d7cc9a21-778a-4a6a-bda9-b675de59df2d,2026-01-10T10:30:00.000Z,ERP_CORPORATIVO,funcionarios,12,cd4667d3074e78bcece765c6d7a1e6c3cf2a412737302c58973a764b05e148b6
13,Alexandre Pereira,000.013.100-89,Gerente,COM,2024-12-17,19649.55,PJ,d7cc9a21-778a-4a6a-bda9-b675de59df2d,2026-01-10T10:30:00.000Z,ERP_CORPORATIVO,funcionarios,13,419a90947f50392f430fa9149e651ae00d3816fbc9aff97a12eda3c6b0077a60
14,Priscila Martins,000.014.100-32,Analista Sênior,COM,2015-10-01,9088.43,PJ,d7cc9a21-778a-4a6a-bda9-b675de59df2d,2026-01-10T10:30:00.000Z,ERP_CORPORATIVO,funcionarios,14,54e7ff045439bf549f16778d9387f10309289fb27cf863a419b24f3d9711a416
15,Beatriz Souza,000.015.100-96,Analista Pleno,COM,2018-01-04,8075.22,ESTAGIO,d7cc9a21-778a-4a6a-bda9-b675de59df2d,2026-01-10T10:30:00.000Z,ERP_CORPORATIVO,funcionarios,15,102463d8cc4c027cced4a3135a5ac7f1cb9209289c73761ac6aec3b2b80b81ff
16,Natalia Souza,000.016.100-40,Consultor(a),COM,2016-01-06,9962.41,PJ,d7cc9a21-778a-4a6a-bda9-b675de59df2d,2026-01-10T10:30:00.000Z,ERP_CORPORATIVO,funcionarios,16,a15d1f6fac275d50e1bea2b0d4e2fb8016983885d2786b742f40dd95feb99d29
17,Leandro Correia,000.017.100-01,Gerente,COM,2021-07-06,21261.04,CLT,d7cc9a21-778a-4a6a-bda9-b675de59df2d,2026-01-10T10:30:00.000Z,ERP_CORPORATIVO,funcionarios,17,0ddc3a6ecced582da943c84166e7a2b31264e7959c138434f03906dbd1484267
18,Elaine Martins,000.018.100-57,Assistente Administrativo,COM,2020-07-18,3427.47,TEMPORARIO,d7cc9a21-778a-4a6a-bda9-b675de59df2d,2026-01-10T10:30:00.000Z,ERP_CORPORATIVO,funcionarios,18,13e9f6634f5fae1d3d60768a710157fe79df3ce16b8bca4bb9238d0e549102d1
19,Amanda Nunes,000.019.100-00,Gerente,COM,2020-05-04,15684.56,CLT,d7cc9a21-778a-4a6a-bda9-b675de59df2d,2026-01-10T10:30:00.000Z,ERP_CORPORATIVO,funcionarios,19,d0659a42bae2e90fecf533020291084646325d87df0d3d91fdd9e2db63f2bdb1
20,Beatriz Melo,000.020.100-62,Coordenador(a),COM,2015-11-03,14012.37,CLT,d7cc9a21-778a-4a6a-bda9-b675de59df2d,2026-01-10T10:30:00.000Z,ERP_CORPORATIVO,funcionarios,20,613f2eee8e8ec846c04441c3d8f40119de98be5237cb77fb83100f2919c450a3
21,Pedro Teixeira,000.021.100-16,Analista Pleno,COM,2016-04-30,6521.98,CLT,d7cc9a21-778a-4a6a-bda9-b675de59df2d,2026-01-10T10:30:00.000Z,ERP_CORPORATIVO,funcionarios,21,bf011c361f2aaae59f6f1f5119f7312363e8832e8714c47877bdfd1b9daa39e3
22,Tânia Dias,000.022.100-70,Assistente Administrativo,COM,2018-02-20,2370.92,PJ,d7cc9a21-778a-4a6a-bda9-b675de59df2d,2026-01-10T10:30:00.000Z,ERP_CORPORATIVO,funcionarios,22,3eac8093750c3d140c315a5fe0a97a58565870484fe79daef782cafe80c5391c
23,Matheus Pereira,000.023.100-23,Desenvolvedor(a) Sênior,TI,2019-02-26,11924.02,CLT,d7cc9a21-778a-4a6a-bda9-b675de59df2d,2026-01-10T10:30:00.000Z,ERP_CORPORATIVO,funcionarios,23,17b722d05d4d6c0ef3e16c6e36e8e812428ca71f0b56a5a3f537a4f268d6fae6
24,Beatriz Teixeira,000.024.100-87,Gerente,TI,2016-08-18,16151.12,CLT,d7cc9a21-778a-4a6a-bda9-b675de59df2d,2026-01-10T10:30:00.000Z,ERP_CORPORATIVO,funcionarios,24,f96a3eb25cf2e80e963d6033d00218a4891879f1968667f25c2090272184fd07
25,Eduardo Ferreira,000.025.100-30,Desenvolvedor(a) Júnior,TI,2016-08-15,5355.68,CLT,d7cc9a21-778a-4a6a-bda9-b675de59df2d,2026-01-10T10:30:00.000Z,ERP_CORPORATIVO,funcionarios,25,3a20203f98d2f7e40893e7d5710e3b71028c458017f954e227705019a76e76c6
26,Renato Lima,000.026.100-94,Desenvolvedor(a) Pleno,TI,2017-03-28,9289.54,TEMPORARIO,d7cc9a21-778a-4a6a-bda9-b675de59df2d,2026-01-10T10:30:00.000Z,ERP_CORPORATIVO,funcionarios,26,680882385433cd50f1c0499e5c6c1d640ba6cb3d5c23ca58d9ed368c751e7486
27,Camila Moreira,000.027.100-48,Gerente,TI,2019-06-17,14013.17,CLT,d7cc9a21-778a-4a6a-bda9-b675de59df2d,2026-01-10T10:30:00.000Z,ERP_CORPORATIVO,funcionarios,27,d45e7183a3299c555dac4cc82f24d98c9a57b18926b837ac4d235ad2762f249e
28,Larissa Vieira,000.028.100-00,Desenvolvedor(a) Sênior,TI,2015-12-09,16276.39,TEMPORARIO,d7cc9a21-778a-4a6a-bda9-b675de59df2d,2026-01-10T10:30:00.000Z,ERP_CORPORATIVO,funcionarios,28,2606736a8d7c1c6797459de4cd56dfc56c847d06cfcab4dfddb5e0b0b061507d
29,Jorge Teixeira,000.029.100-55,Analista Pleno,TI,2021-02-17,8145.61,CLT,d7cc9a21-778a-4a6a-bda9-b675de59df2d,2026-01-10T10:30:00.000Z,ERP_CORPORATIVO,funcionarios,29,90c4f076fb09137b32d1cbd6bf5984f26da1da24dbdce3b47178bfc2e3cff328
30,Beatriz Cardoso,000.030.100-07,Desenvolvedor(a) Júnior,TI,2017-03-07,4487.35,CLT,d7cc9a21-778a-4a6a-bda9-b675de59df2d,2026-01-10T10:30:00.000Z,ERP_CORPORATIVO,funcionarios,30,a18d79641cefaa0837a4ee7860175f9acc9cf598e59e14219be79aeb18b5515e
31,Paulo Martins,000.031.100-60,Desenvolvedor(a) Júnior,TI,2016-08-19,4776.54,CLT,d7cc9a21-778a-4a6a-bda9-b675de59df2d,2026-01-10T10:30:00.000Z,ERP_CORPORATIVO,funcionarios,31,2dd58f0046211d4a5edec24ec63100ba13c60e4858e4992e552e50671ccdc83d
32,Victor Martins,000.032.100-14,Gerente,TI,2023-01-04,19961.6,CLT,d7cc9a21-778a-4a6a-bda9-b675de59df2d,2026-01-10T10:30:00.000Z,ERP_CORPORATIVO,funcionarios,32,a467245b6deb3e0f85fc0d55b55766f760526ecb14f0ef43bfc4c6081ed2e34a
33,Gustavo Rocha,000.033.100-78,Desenvolvedor(a) Pleno,TI,2022-12-20,8226.89,CLT,d7cc9a21-778a-4a6a-bda9-b675de59df2d,2026-01-10T10:30:00.000Z,ERP_CORPORATIVO,funcionarios,33,e07f730cf37036ebe9f167b9f54f5c350f792b98bf79401211aced14d37d1e49
34,Vanessa Freitas,000.034.100-21,Gerente,TI,2018-02-19,19430.67,CLT,d7cc9a21-778a-4a6a-bda9-b675de59df2d,2026-01-10T10:30:00.000Z,ERP_CORPORATIVO,funcionarios,34,0705c70116e216e7ef6a64421a98eaad96b1fba7593c571bfb470ae29d03b8f2
35,Viviane Freitas,000.035.100-85,Analista Sênior,TI,2020-05-25,7393.75,ESTAGIO,d7cc9a21-778a-4a6a-bda9-b675de59df2d,2026-01-10T10:30:00.000Z,ERP_CORPORATIVO,funcionarios,35,091c785c346ec167eba82a865fdb50f4e01d93d3bbf371b67c9f77144c55f25b
36,Igor Rocha,000.036.100-39,Desenvolvedor(a) Júnior,TI,2018-03-06,4719.11,PJ,d7cc9a21-778a-4a6a-bda9-b675de59df2d,2026-01-10T10:30:00.000Z,ERP_CORPORATIVO,funcionarios,36,794704e542de6ef6856f8abaaf3fadabd43e3f7bdf33c81b1e459c6b5f67709c
37,Vanessa Freitas,000.037.100-92,Gerente,TI,2022-12-22,16343.89,CLT,d7cc9a21-778a-4a6a-bda9-b675de59df2d,2026-01-10T10:30:00.000Z,ERP_CORPORATIVO,funcionarios,37,3ba5ea861bbf190f8688c900042532fcad94f00f58b0c20691d6be61b04ac9ee
38,Henrique Moreira,000.038.100-46,Desenvolvedor(a) Pleno,TI,2015-12-24,7230.29,CLT,d7cc9a21-778a-4a6a-bda9-b675de59df2d,2026-01-10T10:30:00.000Z,ERP_CORPORATIVO,funcionarios,38,d8450a543bbea3e92db6c5deb0e80e324cf102df205bfeecd416b27d77a02a1e
39,Jorge Costa,000.039.100-08,Analista Sênior,TI,2018-02-11,11308.2,PJ,d7cc9a21-778a-4a6a-bda9-b675de59df2d,2026-01-10T10:30:00.000Z,ERP_CORPORATIVO,funcionarios,39,6ad5305b86dd290239a810f25094e7f9057e907790ee887df1b04a2e6b4343d7
40,Larissa Castro,000.040.100-51,Especialista,TI,2015-07-02,6100.11,ESTAGIO,d7cc9a21-778a-4a6a-bda9-b675de59df2d,2026-01-10T10:30:00.000Z,ERP_CORPORATIVO,funcionarios,40,e7a2b1b30d75df0219c0cb373f42bbefa33bbb05629468df36755b3add088992
41,Victor Moreira,000.041.100-05,Desenvolvedor(a) Sênior,TI,2020-10-30,13057.44,TEMPORARIO,d7cc9a21-778a-4a6a-bda9-b675de59df2d,2026-01-10T10:30:00.000Z,ERP_CORPORATIVO,funcionarios,41,d6b5904695a67799e3f6cfd061669cf81c57e79ba750d6069ac9688c83086fd5
42,Ana Silva,000.042.100-69,Desenvolvedor(a) Sênior,TI,2020-07-15,9426.81,CLT,d7cc9a21-778a-4a6a-bda9-b675de59df2d,2026-01-10T10:30:00.000Z,ERP_CORPORATIVO,funcionarios,42,1c86cf3aadafe55501fc45376e4cf43b3451d14b5cabf3cb1df5bad16afaf6d4
43,Simone Gomes,000.043.100-12,Desenvolvedor(a) Sênior,TI,2021-06-16,13479.55,CLT,d7cc9a21-778a-4a6a-bda9-b675de59df2d,2026-01-10T10:30:00.000Z,ERP_CORPORATIVO,funcionarios,43,d513b21d930834d10da7160b80db636311e042c6ac49402a1d4abe0413d7b2bf
44,Felipe Ferreira,000.044.100-76,Desenvolvedor(a) Júnior,TI,2015-01-07,5646.94,CLT,d7cc9a21-778a-4a6a-bda9-b675de59df2d,2026-01-10T10:30:00.000Z,ERP_CORPORATIVO,funcionarios,44,de4497f9493d3fec6d54614f68cbc9facd16de44f8d72d9a1a2ab402ed79b8a7
45,Sandra Cunha,000.045.100-20,Desenvolvedor(a) Júnior,TI,2021-07-14,4337.04,CLT,d7cc9a21-778a-4a6a-bda9-b675de59df2d,2026-01-10T10:30:00.000Z,ERP_CORPORATIVO,funcionarios,45,86164dfe094ca5556c4ed2f26fdd260dd4b82023b4518d381cdb408d04649b1b
46,Claudia Rocha,000.046.100-83,Desenvolvedor(a) Júnior,TI,2024-10-05,5753.98,ESTAGIO,d7cc9a21-778a-4a6a-bda9-b675de59df2d,2026-01-10T10:30:00.000Z,ERP_CORPORATIVO,funcionarios,46,f5a66aae97afcff804123f6c08e63d88cbbecebef61bc4a183c5edea0c7fbb2f
47,Claudia Carvalho,000.047.100-37,Especialista,TI,2019-07-11,6614.44,TEMPORARIO,d7cc9a21-778a-4a6a-bda9-b675de59df2d,2026-01-10T10:30:00.000Z,ERP_CORPORATIVO,funcionarios,47,57995e1f0db240db1f285a26af14f4e3dde1ed7c56e7fb4f9f72b08886bc1fdb
48,Juliana Araujo,000.048.100-90,Desenvolvedor(a) Júnior,TI,2022-12-04,3893.58,CLT,d7cc9a21-778a-4a6a-bda9-b675de59df2d,2026-01-10T10:30:00.000Z,ERP_CORPORATIVO,funcionarios,48,3c726941fa5ecd5c18e716c0181b0e10d691b85549eac1f1ab992ef62caa3cf0
49,Fernanda Moreira,000.049.100-44,Gerente,OP,2017-04-12,19873.85,TEMPORARIO,d7cc9a21-778a-4a6a-bda9-b675de59df2d,2026-01-10T10:30:00.000Z,ERP_CORPORATIVO,funcionarios,49,65029e8ed74cf8495c95ab932e67255b03ddc65b7dcb80042427517c1707ad2c
50,Carlos Silva,000.050.100-04,Analista Júnior,OP,2021-11-10,5162.35,ESTAGIO,d7cc9a21-778a-4a6a-bda9-b675de59df2d,2026-01-10T10:30:00.000Z,ERP_CORPORATIVO,funcionarios,50,41f41ef5dacd5d1b63a74b3a9024626057d6302a2338c8ccdda1548d04514278
51,Gabriela Correia,000.051.100-50,Gerente,OP,2016-05-16,19202.04,TEMPORARIO,d7cc9a21-778a-4a6a-bda9-b675de59df2d,2026-01-10T10:30:00.000Z,ERP_CORPORATIVO,funcionarios,51,aa547d89370a4d2ef4aa4704655cffa78848da4fae2506043809c3c0693ee3b0
52,Michele Nascimento,000.052.100-03,Analista Júnior,OP,2021-01-26,4848.14,CLT,d7cc9a21-778a-4a6a-bda9-b675de59df2d,2026-01-10T10:30:00.000Z,ERP_CORPORATIVO,funcionarios,52,e81a38d66dd6a449c99b2ce943555b51be212889ef8443c092aa6c395474ab71
53,Felipe Teixeira,000.053.100-67,Assistente Administrativo,OP,2017-01-02,3049.51,PJ,d7cc9a21-778a-4a6a-bda9-b675de59df2d,2026-01-10T10:30:00.000Z,ERP_CORPORATIVO,funcionarios,53,1220af3d90d2f7276cf92385bdb322fe41476649842dbf1b39600bd37c5147c5
54,Carla Cardoso,000.054.100-10,Analista Júnior,OP,2017-11-12,5751.72,TEMPORARIO,d7cc9a21-778a-4a6a-bda9-b675de59df2d,2026-01-10T10:30:00.000Z,ERP_CORPORATIVO,funcionarios,54,05d01d205b04f216d053c5065fc19c9ab75f311e86ec56c265a7a2e03e1b69e0
55,Renata Cunha,000.055.100-74,Técnico(a),OP,2018-12-14,3936.28,PJ,d7cc9a21-778a-4a6a-bda9-b675de59df2d,2026-01-10T10:30:00.000Z,ERP_CORPORATIVO,funcionarios,55,e040c60ed5f47ddb51516a0c8991b9214265049660080d64aecb3c962f0f508b
56,Felipe Ribeiro,000.056.100-28,Assistente Administrativo,OP,2019-12-24,3150.02,CLT,d7cc9a21-778a-4a6a-bda9-b675de59df2d,2026-01-10T10:30:00.000Z,ERP_CORPORATIVO,funcionarios,56,c983622b892d5b6fec8097c371b7fe37aa2ef2b076b8686c7ac72d28838b44d1
57,Tânia Barbosa,000.057.100-81,Analista Pleno,OP,2016-04-06,7777.97,CLT,d7cc9a21-778a-4a6a-bda9-b675de59df2d,2026-01-10T10:30:00.000Z,ERP_CORPORATIVO,funcionarios,57,52d3495102c6de3f383c9e85f2880662152dbaf8953dc6c75f0bbcfade0ccd53
58,Vinicius Castro,000.058.100-35,Especialista,OP,2021-07-07,8127.84,PJ,d7cc9a21-778a-4a6a-bda9-b675de59df2d,2026-01-10T10:30:00.000Z,ERP_CORPORATIVO,funcionarios,58,df5ffaf2e2b466cdffed9165460933e4d659e4dfa7223ececb0342d970c192f3
59,Carlos Mendes,000.059.100-99,Técnico(a),OP,2018-02-04,4596.44,CLT,d7cc9a21-778a-4a6a-bda9-b675de59df2d,2026-01-10T10:30:00.000Z,ERP_CORPORATIVO,funcionarios,59,73af90279ba70b503b5061322db8be029da8e9c908f8e7295a2105a67b04961d
60,Simone Moraes,000.060.100-40,Analista Pleno,OP,2018-12-09,7377.3,TEMPORARIO,d7cc9a21-778a-4a6a-bda9-b675de59df2d,2026-01-10T10:30:00.000Z,ERP_CORPORATIVO,funcionarios,60,ab9566836bd074d152dcd9883517b36f10d7c5328bfbcc17ab39350a2ad0c393
61,Jorge Pereira,000.061.100-02,Coordenador(a),OP,2015-11-02,11179.97,CLT,d7cc9a21-778a-4a6a-bda9-b675de59df2d,2026-01-10T10:30:00.000Z,ERP_CORPORATIVO,funcionarios,61,883ad11d5e18b2587c7a2f18794f0c852735ebcaa6d1e050fe6f83a5a97c548a
62,Simone Santos,000.062.100-58,Técnico(a),OP,2021-04-20,5289.44,ESTAGIO,d7cc9a21-778a-4a6a-bda9-b675de59df2d,2026-01-10T10:30:00.000Z,ERP_CORPORATIVO,funcionarios,62,b710741719052262c66fb5833ffc30839f165bd43d2f3334b53d47b1384e1c2c
63,Sandra Freitas,000.063.100-01,Analista Júnior,OP,2022-04-13,5360.17,TEMPORARIO,d7cc9a21-778a-4a6a-bda9-b675de59df2d,2026-01-10T10:30:00.000Z,ERP_CORPORATIVO,funcionarios,63,c8b4823243aea14eece24d0c4181a9dadc0aa366dd0cff04d03ebf6fba26515e
64,Lucas Barbosa,000.064.100-65,Analista Júnior,OP,2018-11-11,5823.71,PJ,d7cc9a21-778a-4a6a-bda9-b675de59df2d,2026-01-10T10:30:00.000Z,ERP_CORPORATIVO,funcionarios,64,b683fba8dbfce23e8bdb63c68354b9f662bf5a003741de391ab61343a32068f6
65,Natalia Cunha,000.065.100-19,Coordenador(a),OP,2023-07-26,14238.25,CLT,d7cc9a21-778a-4a6a-bda9-b675de59df2d,2026-01-10T10:30:00.000Z,ERP_CORPORATIVO,funcionarios,65,c5d06152414b9b7f3a52994909cddfae6aa32529b12eb434324941c480f859f6
66,Rodrigo Castro,000.066.100-72,Gerente,OP,2019-11-15,15203.33,CLT,d7cc9a21-778a-4a6a-bda9-b675de59df2d,2026-01-10T10:30:00.000Z,ERP_CORPORATIVO,funcionarios,66,ca33b3057a8f1b232d7b864dbb47cd1cbba58b45b8e1c6012aff3236e3b2657c
67,Elaine Moraes,000.067.100-26,Analista Júnior,OP,2018-02-17,5225.07,CLT,d7cc9a21-778a-4a6a-bda9-b675de59df2d,2026-01-10T10:30:00.000Z,ERP_CORPORATIVO,funcionarios,67,85640e34fe0bab8c65598ee33346657430e4c82f9cad89d157c622972f81cc9a
68,Leandro Mendes,000.068.100-80,Analista Pleno,OP,2021-05-02,5235.47,ESTAGIO,d7cc9a21-778a-4a6a-bda9-b675de59df2d,2026-01-10T10:30:00.000Z,ERP_CORPORATIVO,funcionarios,68,4d5a507742c51b4f7bf49b85ea48ac288aa732cac7b6725fbe4808a3742c22d1
69,Fernando Cunha,000.069.100-33,Coordenador(a),OP,2020-10-19,9412.49,CLT,d7cc9a21-778a-4a6a-bda9-b675de59df2d,2026-01-10T10:30:00.000Z,ERP_CORPORATIVO,funcionarios,69,e81955239fbc9d69d053be54619f671c0557bd91a54f3db1abbdd7841682e3d6
70,Gabriela Castro,000.070.100-95,Especialista,OP,2018-03-20,9615.31,CLT,d7cc9a21-778a-4a6a-bda9-b675de59df2d,2026-01-10T10:30:00.000Z,ERP_CORPORATIVO,funcionarios,70,5c5bd76cd11275d43b3b7965c8c0498df569b0849d25a7af859b96209549edaf
71,Carlos Carvalho,000.071.100-49,Analista Júnior,RH,2023-05-20,5380.02,CLT,d7cc9a21-778a-4a6a-bda9-b675de59df2d,2026-01-10T10:30:00.000Z,ERP_CORPORATIVO,funcionarios,71,941da8ec6e86706ed9d599afe75bedf646a40f203a52053afabd397c98b85752
72,Michele Cardoso,000.072.100-00,Assistente Administrativo,RH,2018-09-22,2731.69,ESTAGIO,d7cc9a21-778a-4a6a-bda9-b675de59df2d,2026-01-10T10:30:00.000Z,ERP_CORPORATIVO,funcionarios,72,156746d242dba37b350afc2f0fe37ae3d0a310c6f2b6d920d4806f56999196ca
73,Carla Ferreira,000.073.100-56,Analista Júnior,RH,2020-06-05,5896.12,CLT,d7cc9a21-778a-4a6a-bda9-b675de59df2d,2026-01-10T10:30:00.000Z,ERP_CORPORATIVO,funcionarios,73,2b4c07c97fc7da10450cf1c4107e6ebf8d2e1433ab2198d59c37973a5699ccd7
74,Gabriela Pinto,000.074.100-00,Analista Sênior,RH,2020-12-05,7021.82,PJ,d7cc9a21-778a-4a6a-bda9-b675de59df2d,2026-01-10T10:30:00.000Z,ERP_CORPORATIVO,funcionarios,74,fd0c52721ceb5f97adc2df03fc43c857cca428d4073d31e1325abaeec0eb1702
75,Carlos Lima,000.075.100-63,Gerente,RH,2018-02-25,15497.42,PJ,d7cc9a21-778a-4a6a-bda9-b675de59df2d,2026-01-10T10:30:00.000Z,ERP_CORPORATIVO,funcionarios,75,dca951c23c9bb8f1fb5741f568301fd383fe3d64499eacd956d1e82113bf4805
76,Cristiane Souza,000.076.100-17,Analista Júnior,RH,2018-11-21,3993.71,CLT,d7cc9a21-778a-4a6a-bda9-b675de59df2d,2026-01-10T10:30:00.000Z,ERP_CORPORATIVO,funcionarios,76,c7c4015b21b7c912a7ce2942e49ec2b8a90f0702d92766f3c40ced1803d1ac45
77,Aline Moreira,000.077.100-70,Assistente Administrativo,RH,2023-12-04,2987.66,PJ,d7cc9a21-778a-4a6a-bda9-b675de59df2d,2026-01-10T10:30:00.000Z,ERP_CORPORATIVO,funcionarios,77,d489bc31b53af7371732a1ceea5606f58fc7833a4e6fc7e06a1f802273cbc9f0
78,Gabriela Costa,000.078.100-24,Analista Júnior,RH,2022-09-19,5824.04,PJ,d7cc9a21-778a-4a6a-bda9-b675de59df2d,2026-01-10T10:30:00.000Z,ERP_CORPORATIVO,funcionarios,78,235a3449fdbd8545b72d85602bfe4d97ad7469a1da83beec7c00ba119c6f75e8
79,Marcos Teixeira,000.079.100-88,Coordenador(a),RH,2023-06-06,9961.72,CLT,d7cc9a21-778a-4a6a-bda9-b675de59df2d,2026-01-10T10:30:00.000Z,ERP_CORPORATIVO,funcionarios,79,29247ab3e3cb05d71db31dd9f504d2120d5d85b363f353d043fa3ea17a3539d2
80,Gabriela Monteiro,000.080.100-30,Analista Júnior,RH,2020-02-21,4569.71,PJ,d7cc9a21-778a-4a6a-bda9-b675de59df2d,2026-01-10T10:30:00.000Z,ERP_CORPORATIVO,funcionarios,80,712765483c6bb441761e0b81d466d05bc89197930cd7a500d565b9155cdaad28
81,Leonardo Melo,000.081.100-93,Especialista,FIN,2019-05-07,8325.82,CLT,d7cc9a21-778a-4a6a-bda9-b675de59df2d,2026-01-10T10:30:00.000Z,ERP_CORPORATIVO,funcionarios,81,08a076fe667e28f446bd8879ad81102a7bd84d4b40889bdc71ead98c8007cb1b
82,Juliana Mendes,000.082.100-47,Analista Sênior,FIN,2021-01-13,11275.62,CLT,d7cc9a21-778a-4a6a-bda9-b675de59df2d,2026-01-10T10:30:00.000Z,ERP_CORPORATIVO,funcionarios,82,97d1c8e794f0db64d968b955db00cde81c438e271c93c5dda69ea98aa79a8a49
83,Henrique Oliveira,000.083.100-09,Assistente Administrativo,FIN,2020-06-25,3971.9,CLT,d7cc9a21-778a-4a6a-bda9-b675de59df2d,2026-01-10T10:30:00.000Z,ERP_CORPORATIVO,funcionarios,83,9476231220ec09431b058080e4b0587aed0b86c7f117e608214dfcfa2763a104
84,Priscila Cardoso,000.084.100-54,Especialista,FIN,2015-06-12,8388.64,CLT,d7cc9a21-778a-4a6a-bda9-b675de59df2d,2026-01-10T10:30:00.000Z,ERP_CORPORATIVO,funcionarios,84,7bf26893b2d043518081e044f08d44daad7d604a9fe812c30b9f6a54e4c162e7
85,Renato Santos,000.085.100-08,Analista Pleno,FIN,2018-07-06,7146.82,CLT,d7cc9a21-778a-4a6a-bda9-b675de59df2d,2026-01-10T10:30:00.000Z,ERP_CORPORATIVO,funcionarios,85,66dc5fc6b1a7b8160224512d02529a6c3b361db085260bb2b5382836d9ca16f9
86,Ana Rodrigues,000.086.100-61,Analista Júnior,FIN,2024-01-28,5455.51,ESTAGIO,d7cc9a21-778a-4a6a-bda9-b675de59df2d,2026-01-10T10:30:00.000Z,ERP_CORPORATIVO,funcionarios,86,9389c6ea7dbeaeeaf1e0bad603b7d9d390536074797400ca499025cf43408798
87,Marina Dias,000.087.100-15,Analista Pleno,FIN,2023-06-21,8259.3,TEMPORARIO,d7cc9a21-778a-4a6a-bda9-b675de59df2d,2026-01-10T10:30:00.000Z,ERP_CORPORATIVO,funcionarios,87,433e0906019e6e31c6e14ba7169526093dce4278a945037f7eef26218012b8c2
88,Juliana Moraes,000.088.100-79,Coordenador(a),FIN,2020-06-03,9019.59,PJ,d7cc9a21-778a-4a6a-bda9-b675de59df2d,2026-01-10T10:30:00.000Z,ERP_CORPORATIVO,funcionarios,88,50d13324f530f01eb845ff1034fdd5ee0a1513091c7993fa63ad8c01f03ec0b7
89,Marina Castro,000.089.100-22,Analista Sênior,FIN,2016-08-14,8716.15,ESTAGIO,d7cc9a21-778a-4a6a-bda9-b675de59df2d,2026-01-10T10:30:00.000Z,ERP_CORPORATIVO,funcionarios,89,7a641e28a7108cadc63529a8befd4fb7cb96c65b02ca0faacd1069bfd18cdba5
90,Amanda Carvalho,000.090.100-84,Analista Júnior,FIN,2016-01-01,5239.05,TEMPORARIO,d7cc9a21-778a-4a6a-bda9-b675de59df2d,2026-01-10T10:30:00.000Z,ERP_CORPORATIVO,funcionarios,90,d42183411eaac6cbf75ae9a253a15501245a03740f0412b97ac8a6b70d7ce64e
91,Alexandre Vieira,000.091.100-38,Analista Pleno,FIN,2018-06-22,5752.88,TEMPORARIO,d7cc9a21-778a-4a6a-bda9-b675de59df2d,2026-01-10T10:30:00.000Z,ERP_CORPORATIVO,funcionarios,91,ad1166690010a844a9a32dcdb7ffe8d24a419049559bc26fd5cb78a270b02dc1
92,Henrique Moraes,000.092.100-91,Analista Pleno,FIN,2023-02-17,6821.7,TEMPORARIO,d7cc9a21-778a-4a6a-bda9-b675de59df2d,2026-01-10T10:30:00.000Z,ERP_CORPORATIVO,funcionarios,92,cd981f9a57e238d644fabcdf4ad49cecf2eb80f44a22042b0778271c89de9c65
93,Viviane Cardoso,000.093.100-45,Analista Pleno,FIN,2020-07-07,8881.69,CLT,d7cc9a21-778a-4a6a-bda9-b675de59df2d,2026-01-10T10:30:00.000Z,ERP_CORPORATIVO,funcionarios,93,97964a1a0d059a42b01047d846292e6209d0503d3d7914dfe686135c0cc01828
94,Aline Costa,000.094.100-07,Especialista,FIN,2024-07-11,10971.73,ESTAGIO,d7cc9a21-778a-4a6a-bda9-b675de59df2d,2026-01-10T10:30:00.000Z,ERP_CORPORATIVO,funcionarios,94,7028ee96d2b437bde4eb6a2d2a8b6b7e8096a063a24a8939aa71bca85bc0ca87
95,Alexandre Cunha,000.095.100-52,Coordenador(a),FIN,2023-08-12,13253.56,PJ,d7cc9a21-778a-4a6a-bda9-b675de59df2d,2026-01-10T10:30:00.000Z,ERP_CORPORATIVO,funcionarios,95,0415665785f39785448033a873142a0b63aadfa0d881a3ef4c5f7f8ff180b704
96,Larissa Lima,000.096.100-06,Especialista,FIN,2024-09-01,8561.44,PJ,d7cc9a21-778a-4a6a-bda9-b675de59df2d,2026-01-10T10:30:00.000Z,ERP_CORPORATIVO,funcionarios,96,4ae4ac9298408bc0bfbfadf7c11c44297d6c25f317f7c6abcd406c3717c8f198
97,Vanessa Freitas,000.097.100-60,Gerente,FIN,2017-04-22,17147.72,ESTAGIO,d7cc9a21-778a-4a6a-bda9-b675de59df2d,2026-01-10T10:30:00.000Z,ERP_CORPORATIVO,funcionarios,97,401e3037ca53c5a59df713c1ac5dc0dbd2491ecc3e4c6b3ac9df2b1a59440716
98,Paulo Ribeiro,000.098.100-13,Coordenador(a),MKT,2019-06-22,8484.2,CLT,d7cc9a21-778a-4a6a-bda9-b675de59df2d,2026-01-10T10:30:00.000Z,ERP_CORPORATIVO,funcionarios,98,56f0c4a7ce0bde58966edb25f7f11028a291a22a221332af2d8c6355500ef26b
99,Daniela Pinto,000.099.100-77,Analista Júnior,MKT,2016-07-02,5927.96,CLT,d7cc9a21-778a-4a6a-bda9-b675de59df2d,2026-01-10T10:30:00.000Z,ERP_CORPORATIVO,funcionarios,99,4b24f724c1b0db5ea8c8492e40051aa52ee2e5384b006be959b8bf35f4076d8e
100,Cristiane Moreira,000.100.100-09,Analista Pleno,MKT,2022-02-25,8819.28,TEMPORARIO,d7cc9a21-778a-4a6a-bda9-b675de59df2d,2026-01-10T10:30:00.000Z,ERP_CORPORATIVO,funcionarios,100,6de4e382cf6c9d05f79ed0a3f62d9bb4827e7036cdd3416d34cd3f4bfb43a4a4
101,Sandra Correia,000.101.100-62,Coordenador(a),MKT,2021-03-07,13460.11,ESTAGIO,d7cc9a21-778a-4a6a-bda9-b675de59df2d,2026-01-10T10:30:00.000Z,ERP_CORPORATIVO,funcionarios,101,72be63fdaf87e8b546df60815142f81d203776881f628fa0c57705a22d980c66
102,Lucas Carvalho,000.102.100-16,Coordenador(a),MKT,2021-05-01,13939.46,CLT,d7cc9a21-778a-4a6a-bda9-b675de59df2d,2026-01-10T10:30:00.000Z,ERP_CORPORATIVO,funcionarios,102,54125dca4c0fd66041dd936b8fbdfd28e0d969993a664be77b58f6e66ad7ddfa
103,Adriana Silva,000.103.100-70,Consultor(a),MKT,2015-04-19,9795.56,PJ,d7cc9a21-778a-4a6a-bda9-b675de59df2d,2026-01-10T10:30:00.000Z,ERP_CORPORATIVO,funcionarios,103,8cf9de50e4fd98656e75cd9fcbac1cc702ee024ee663324fc0f8e8c98292466d
104,Elaine Moraes,000.104.100-23,Coordenador(a),MKT,2016-12-29,13578.47,PJ,d7cc9a21-778a-4a6a-bda9-b675de59df2d,2026-01-10T10:30:00.000Z,ERP_CORPORATIVO,funcionarios,104,255cad23b025d4905d9b1e0304428233266475c780c50db3070a70458b9eafe6
105,Fernando Lima,000.105.100-87,Especialista,MKT,2024-10-17,6088.35,PJ,d7cc9a21-778a-4a6a-bda9-b675de59df2d,2026-01-10T10:30:00.000Z,ERP_CORPORATIVO,funcionarios,105,55bde3bbbaeb2931d8667bd6277533f8123662f40ca92788ca8e0a65e03659d7
106,Paulo Carvalho,000.106.100-30,Analista Pleno,MKT,2021-03-05,5669.78,CLT,d7cc9a21-778a-4a6a-bda9-b675de59df2d,2026-01-10T10:30:00.000Z,ERP_CORPORATIVO,funcionarios,106,4dad55122283414d66f021fe121ba428135ef13338f8760617b754c7687528d3
107,Henrique Dias,000.107.100-94,Especialista,MKT,2022-03-14,7002.86,PJ,d7cc9a21-778a-4a6a-bda9-b675de59df2d,2026-01-10T10:30:00.000Z,ERP_CORPORATIVO,funcionarios,107,f09570ea092bd66ab353a93d3f19312ed0eeb64a4b7ab0a8238f2b82fba8b32b
108,Gustavo Pinto,000.108.100-48,Especialista,MKT,2024-05-16,7203.79,ESTAGIO,d7cc9a21-778a-4a6a-bda9-b675de59df2d,2026-01-10T10:30:00.000Z,ERP_CORPORATIVO,funcionarios,108,ffbff3ae514bb77dac3410af83bd15130040422b755fb7794cbf33e1c985bdd5
109,Sandra Carvalho,000.109.100-00,Analista Pleno,MKT,2017-10-06,5308.28,CLT,d7cc9a21-778a-4a6a-bda9-b675de59df2d,2026-01-10T10:30:00.000Z,ERP_CORPORATIVO,funcionarios,109,2a41afc09bcc2ee2c77760935e0c69586f24b9aeed246575117f44d1cc81b867
110,Gabriela Cunha,000.110.100-53,Especialista,MKT,2017-04-06,9659.17,ESTAGIO,d7cc9a21-778a-4a6a-bda9-b675de59df2d,2026-01-10T10:30:00.000Z,ERP_CORPORATIVO,funcionarios,110,c1f529987141c5222381f322d6c770794a398cbc35b0986b00c4a12b26c50158
111,Igor Almeida,000.111.100-07,Especialista,MKT,2019-06-27,6515.78,PJ,d7cc9a21-778a-4a6a-bda9-b675de59df2d,2026-01-10T10:30:00.000Z,ERP_CORPORATIVO,funcionarios,111,e5c3094b228befba3784432f2087c8b6ce45597a1deb4aa0be5af3261473d5d2
112,Fernanda Monteiro,000.112.100-60,Analista Sênior,JUR,2017-02-07,9073.33,CLT,d7cc9a21-778a-4a6a-bda9-b675de59df2d,2026-01-10T10:30:00.000Z,ERP_CORPORATIVO,funcionarios,112,398badd0ae00a81df8322b0379f402f0d87553c61cf93e4aedfa2f75ba3a5d22
113,Victor Freitas,000.113.100-14,Especialista,JUR,2021-04-12,7105.93,PJ,d7cc9a21-778a-4a6a-bda9-b675de59df2d,2026-01-10T10:30:00.000Z,ERP_CORPORATIVO,funcionarios,113,7571cc7316fdc35fae54873fe06e5058fcd3ca3de83b2b64410991e8ff2e63e8
114,Ricardo Ribeiro,000.114.100-78,Analista Sênior,JUR,2019-08-06,11699.61,CLT,d7cc9a21-778a-4a6a-bda9-b675de59df2d,2026-01-10T10:30:00.000Z,ERP_CORPORATIVO,funcionarios,114,31418d0fc57f711a4e8bc811f566e634f8b1cf82e12dcf63cf0b9ec9447e1513
115,Rosana Castro,000.115.100-21,Gerente Sênior,JUR,2024-12-17,24070.33,CLT,d7cc9a21-778a-4a6a-bda9-b675de59df2d,2026-01-10T10:30:00.000Z,ERP_CORPORATIVO,funcionarios,115,725fda40520e86d81465418d503b61daaf820277c201122f2ae342a250215211
116,Alexandre Cunha,000.116.100-85,Especialista,JUR,2016-10-13,9044.03,PJ,d7cc9a21-778a-4a6a-bda9-b675de59df2d,2026-01-10T10:30:00.000Z,ERP_CORPORATIVO,funcionarios,116,44ae5962a17ece1243b161f9205c74796e555819d3ef1965b88f08e9c4b6b6e0
117,Gabriel Carvalho,000.117.100-39,Analista Pleno,JUR,2023-07-30,7334.52,CLT,d7cc9a21-778a-4a6a-bda9-b675de59df2d,2026-01-10T10:30:00.000Z,ERP_CORPORATIVO,funcionarios,117,cf160df1bbb4ca3cf57c71b23e541b64ddfcfb09420e2bcf4a4509db64afd5de
118,Rodrigo Almeida,000.118.100-92,Analista Pleno,JUR,2021-11-25,6975.23,PJ,d7cc9a21-778a-4a6a-bda9-b675de59df2d,2026-01-10T10:30:00.000Z,ERP_CORPORATIVO,funcionarios,118,f48ff50c4fdb7da7ca43fb08a904c976394f8543a3813ae260821f6e01d067c3
119,Thiago Carvalho,000.119.100-46,Coordenador(a),JUR,2023-10-17,9167.7,CLT,d7cc9a21-778a-4a6a-bda9-b675de59df2d,2026-01-10T10:30:00.000Z,ERP_CORPORATIVO,funcionarios,119,08d9494c874c18401d14262efa8f250997f88d410b571b43700d4a35aea4f44e
120,Vinicius Nunes,000.120.100-06,Analista Sênior,COMP,2015-05-22,10994.1,CLT,d7cc9a21-778a-4a6a-bda9-b675de59df2d,2026-01-10T10:30:00.000Z,ERP_CORPORATIVO,funcionarios,120,d2d38b3189d8c2cedb618130cd28730dfd7a9fd5f97a8fdbb7a6edd52fd1c97d
121,Viviane Correia,000.121.100-51,Especialista,COMP,2016-05-23,10037.4,CLT,d7cc9a21-778a-4a6a-bda9-b675de59df2d,2026-01-10T10:30:00.000Z,ERP_CORPORATIVO,funcionarios,121,804c8bae15d8da4d014f9eb5430d15a692daae873837bd258a32c4f23eab6427
122,Fernanda Pereira,000.122.100-05,Consultor(a),COMP,2015-05-20,11590.1,PJ,d7cc9a21-778a-4a6a-bda9-b675de59df2d,2026-01-10T10:30:00.000Z,ERP_CORPORATIVO,funcionarios,122,7c783c47fc8f2cdeba64898944242489ee6bfe22948c078af500fa1cd5ea4673
123,Leandro Nascimento,000.123.100-69,Coordenador(a),COMP,2022-07-16,8899.13,PJ,d7cc9a21-778a-4a6a-bda9-b675de59df2d,2026-01-10T10:30:00.000Z,ERP_CORPORATIVO,funcionarios,123,1a544e9c3665981f6d22e0a99bd9bd18e230cf6b1fa13c5467ea8fe5d2f2cc1c
124,Pedro Almeida,000.124.100-12,Coordenador(a),COMP,2015-05-08,12028.17,CLT,d7cc9a21-778a-4a6a-bda9-b675de59df2d,2026-01-10T10:30:00.000Z,ERP_CORPORATIVO,funcionarios,124,808fba2a23ce05c2de7745c065f268791348639efb9e7887052ff7cf795118fe
125,Juliana Mendes,000.125.100-76,Analista Sênior,COMP,2015-08-21,8409.03,TEMPORARIO,d7cc9a21-778a-4a6a-bda9-b675de59df2d,2026-01-10T10:30:00.000Z,ERP_CORPORATIVO,funcionarios,125,730df6508f3e926e2d668ec452245148355832723df7f28cc610b127bf3db350
126,Claudia Nunes,000.126.100-20,Analista Pleno,COMP,2015-09-24,6041.2,PJ,d7cc9a21-778a-4a6a-bda9-b675de59df2d,2026-01-10T10:30:00.000Z,ERP_CORPORATIVO,funcionarios,126,a0b56d568dc0bd5f3d5e1052b6d14b04bb78393d1f5822267ccad9d0697790a7
127,Aline Gomes,000.127.100-83,Analista Sênior,COMP,2024-01-04,10059.43,CLT,d7cc9a21-778a-4a6a-bda9-b675de59df2d,2026-01-10T10:30:00.000Z,ERP_CORPORATIVO,funcionarios,127,81a375d8f67d57ee73644699c7539b480432471687891179d838df9727c65a16
128,Jorge Araujo,000.128.100-37,Assistente Administrativo,ADM,2020-07-11,3324.06,ESTAGIO,d7cc9a21-778a-4a6a-bda9-b675de59df2d,2026-01-10T10:30:00.000Z,ERP_CORPORATIVO,funcionarios,128,ed1c29af7878ef35089643419d5736cdf580242b21924db243bad435b8175b7b
129,Renata Moraes,000.129.100-90,Técnico(a),ADM,2017-09-04,3941.95,PJ,d7cc9a21-778a-4a6a-bda9-b675de59df2d,2026-01-10T10:30:00.000Z,ERP_CORPORATIVO,funcionarios,129,b58736eeeb5bea2dbe43daaa729188065fa5dfe9d596c9cb36c0a4c2195b862c
130,Vinicius Carvalho,000.130.100-42,Gerente,ADM,2016-05-09,16173.86,CLT,d7cc9a21-778a-4a6a-bda9-b675de59df2d,2026-01-10T10:30:00.000Z,ERP_CORPORATIVO,funcionarios,130,b011def3309d9b94ed2c1186c54b45ee0e5e9411787457ebc71a229c28dc9750
131,Rafael Rodrigues,000.131.100-04,Coordenador(a),ADM,2018-06-14,10641.02,ESTAGIO,d7cc9a21-778a-4a6a-bda9-b675de59df2d,2026-01-10T10:30:00.000Z,ERP_CORPORATIVO,funcionarios,131,29bdc648cb4388f7093c3b47d007d09e8ca35f50a91b3ab8ecc9db2196467dbd
132,Leonardo Barbosa,000.132.100-50,Analista Júnior,ADM,2017-10-19,3945.98,TEMPORARIO,d7cc9a21-778a-4a6a-bda9-b675de59df2d,2026-01-10T10:30:00.000Z,ERP_CORPORATIVO,funcionarios,132,5311d5a794ab8b702bf209880641cae2b8904a7cde700f4aac5a6b5938ea3c92
133,Gabriela Lima,000.133.100-03,Analista Pleno,ADM,2019-09-21,5141.69,PJ,d7cc9a21-778a-4a6a-bda9-b675de59df2d,2026-01-10T10:30:00.000Z,ERP_CORPORATIVO,funcionarios,133,26fbb12404e55a3145db1ed869dd71a16b295bcc8a9b8d0343928185c131641f
134,Leonardo Melo,000.134.100-67,Coordenador(a),ADM,2024-04-05,11140.35,PJ,d7cc9a21-778a-4a6a-bda9-b675de59df2d,2026-01-10T10:30:00.000Z,ERP_CORPORATIVO,funcionarios,134,74c91f42ea77117a1176880d06f7f5118e0176cb366ee449cdaaddc4fe477e57
135,Fernando Martins,000.135.100-10,Analista Júnior,ADM,2018-03-23,5563.28,PJ,d7cc9a21-778a-4a6a-bda9-b675de59df2d,2026-01-10T10:30:00.000Z,ERP_CORPORATIVO,funcionarios,135,2735c7d598bf4a9cd3abc2a8aa0e40f37b56fb1113731b9e0705cbc2a49fe87e
136,Igor Dias,000.136.100-74,Analista Pleno,ADM,2023-09-11,6389.53,CLT,d7cc9a21-778a-4a6a-bda9-b675de59df2d,2026-01-10T10:30:00.000Z,ERP_CORPORATIVO,funcionarios,136,6f3f838fb15afcbba1bc0ce64a2358fc555e6b90bec1d61516d89c0f0141a7a3
137,Priscila Carvalho,000.137.100-28,Assistente Administrativo,ADM,2018-08-14,2451.79,CLT,d7cc9a21-778a-4a6a-bda9-b675de59df2d,2026-01-10T10:30:00.000Z,ERP_CORPORATIVO,funcionarios,137,88fe2af24b3bd102f7c42846983a1358441cef0f9287f010764452c8be08c325
138,Larissa Araujo,000.138.100-81,Gerente,ADM,2022-05-04,15424.56,ESTAGIO,d7cc9a21-778a-4a6a-bda9-b675de59df2d,2026-01-10T10:30:00.000Z,ERP_CORPORATIVO,funcionarios,138,f649094335007bfa9a279130814cc1817aa0adb5cb5cd8e072cc56cc3fc93c46
139,Bruno Gomes,000.139.100-35,Analista Pleno,CTB,2021-04-19,8866.43,CLT,d7cc9a21-778a-4a6a-bda9-b675de59df2d,2026-01-10T10:30:00.000Z,ERP_CORPORATIVO,funcionarios,139,b6f11b0af19db6bb514879a5f05c18905a679fbf030d6788dfd0ea9208988785
140,Rosana Santos,000.140.100-97,Especialista,CTB,2016-11-01,7171.44,PJ,d7cc9a21-778a-4a6a-bda9-b675de59df2d,2026-01-10T10:30:00.000Z,ERP_CORPORATIVO,funcionarios,140,4fa764bded9ad145d8c09e672b90d86ba4ab5b40d7c06464015dfea4daa8f6f1
141,Felipe Barbosa,000.141.100-40,Especialista,CTB,2018-01-18,7998.07,CLT,d7cc9a21-778a-4a6a-bda9-b675de59df2d,2026-01-10T10:30:00.000Z,ERP_CORPORATIVO,funcionarios,141,52c4c976f1bb07afd90d9748bfd809fc2000c3dc76bf8e8d46a2d5648c52646a
142,Luciana Araujo,000.142.100-02,Assistente Administrativo,CTB,2017-03-26,3921.77,TEMPORARIO,d7cc9a21-778a-4a6a-bda9-b675de59df2d,2026-01-10T10:30:00.000Z,ERP_CORPORATIVO,funcionarios,142,968e599ccad197c956a046ad3909fb82f0a36b9154ec740c46a5a9bba497b5a9
143,Thiago Souza,000.143.100-58,Coordenador(a),CTB,2019-04-15,12675.57,ESTAGIO,d7cc9a21-778a-4a6a-bda9-b675de59df2d,2026-01-10T10:30:00.000Z,ERP_CORPORATIVO,funcionarios,143,0d5b741a8bb647e6aa2336fefbd52e2af5189800c0d57be85b240826bbd7dd9d
144,Cristiane Ramos,000.144.100-01,Analista Pleno,CTB,2019-07-13,6634.0,CLT,d7cc9a21-778a-4a6a-bda9-b675de59df2d,2026-01-10T10:30:00.000Z,ERP_CORPORATIVO,funcionarios,144,d2daa377c1dd48d591541ba895f012b020ad18a44284d35b1c3d7ef3ba93bc7d
145,André Oliveira,000.145.100-65,Especialista,CTB,2019-02-09,9462.35,PJ,d7cc9a21-778a-4a6a-bda9-b675de59df2d,2026-01-10T10:30:00.000Z,ERP_CORPORATIVO,funcionarios,145,0dc4a97985219dc218388342001b70b09bae8ecaad2af6c0e5fb08ad56171b8b
146,Tânia Castro,000.146.100-19,Coordenador(a),CTB,2021-03-06,12954.96,PJ,d7cc9a21-778a-4a6a-bda9-b675de59df2d,2026-01-10T10:30:00.000Z,ERP_CORPORATIVO,funcionarios,146,def9524069656712eff57890ea2c70c7cd5f84196a2d614b134fc23bb9c62ee7
147,Lucas Silva,000.147.100-72,Analista Júnior,CTB,2018-02-22,4019.82,PJ,d7cc9a21-778a-4a6a-bda9-b675de59df2d,2026-01-10T10:30:00.000Z,ERP_CORPORATIVO,funcionarios,147,f077fe3fe0a1ea7d3ca6df3e790ea079fe3b4b73d898d94265db7c1b81e2de4f
148,Elaine Moraes,000.148.100-26,Analista Sênior,CTB,2015-06-15,8318.81,ESTAGIO,d7cc9a21-778a-4a6a-bda9-b675de59df2d,2026-01-10T10:30:00.000Z,ERP_CORPORATIVO,funcionarios,148,340952a32a3ffcc4b1a00ed282c06e83fedb941e95e984ead83aa33274c9611f
149,Felipe Freitas,000.149.100-80,Especialista,CTB,2018-05-26,10095.44,PJ,d7cc9a21-778a-4a6a-bda9-b675de59df2d,2026-01-10T10:30:00.000Z,ERP_CORPORATIVO,funcionarios,149,e0eb8e1faa1a571b061801e4f0254289ec4b0c85b5019e4d1dcc27f423e75504
150,Pedro Ribeiro,000.150.100-31,Gerente,CTB,2023-06-06,13855.22,PJ,d7cc9a21-778a-4a6a-bda9-b675de59df2d,2026-01-10T10:30:00.000Z,ERP_CORPORATIVO,funcionarios,150,0ff3d62fbd9066c71dbafac9db0deec0df4563a3843df419c1d8fdbd31344a78
